yahoo,mu_anual,sigma_anual,sigma_anual_robusta,mu_horizonte,sigma_horizonte,sharpe,pct_dias_planos,VaR95_diario,precio_actual,n_obs,accitrade,liquidez,por_identificar,sesgo_ceros
VISTAA.MX,0.32818977312962266,0.5352237925169943,0.4769823619244401,0.08204744328240567,0.26761189625849713,0.47305403210673497,0.0559254327563249,0.04914291830719014,1245.0,751,VISTA.A,MEDIA,False,0.8911830314593032
PE&OLES.MX,0.4609569881190354,0.49114842820758453,0.3859770097839846,0.11523924702975885,0.24557421410379227,0.7858255589406268,0.0,0.04880260576079121,907.1699829101562,751,PENOLES,LIQUIDA,False,0.7858663239391471
AXTELCPO.MX,0.6073153964196145,0.48252174947871307,0.34756445100935124,0.15182884910490363,0.24126087473935653,1.1031946166047344,0.118508655126498,0.038657385183899384,3.5999999046325684,751,AXTEL.CPO,MEDIA,False,0.7203083620268694
CTAXTELA.MX,0.6369831938859946,0.47440536994962756,0.3403151015592577,0.15924579847149864,0.23720268497481378,1.1846054650386146,0.0796812749003984,0.035962001394412746,1.1399999856948853,753,CTAXTEL.A,MEDIA,False,0.7173508630296331
VOLARA.MX,-0.10139794281525623,0.4671303052014882,0.4008303659325504,-0.025349485703814057,0.2335651526007441,-0.3776204216490946,0.018641810918774968,0.046495294603764004,11.600000381469727,751,VOLAR.A,LIQUIDA,False,0.8580697108907535
TLEVISACPO.MX,-0.12134738729984391,0.45802833373846563,0.3485143557582589,-0.03033684682496098,0.22901416686923282,-0.42867956595008017,0.017310252996005325,0.04398007587269165,8.899999618530273,751,TLEVISA.CPO,LIQUIDA,False,0.7609013025758812
ALPEKA.MX,-0.0771638950521942,0.41439851754304297,0.3195022385005792,-0.01929097376304855,0.20719925877152148,-0.36719218001639964,0.015978695073235686,0.03689264005436915,12.970000267028809,751,ALPEK.A,LIQUIDA,False,0.7710023684324424
FPLUS16.MX,-0.02202679044618068,0.396836901300983,0.2292028321642268,-0.00550669761154517,0.1984184506504915,-0.24450042354450854,0.17709720372836218,0.03411288297703308,5.010000228881836,751,FPLUS.16,MEDIA,False,0.5775743924337993
NEMAKA.MX,-0.06553521080598787,0.3920401577636804,0.31866990053593447,-0.016383802701496968,0.1960200788818402,-0.3584714678405514,0.06790945406125166,0.036254126919183116,3.0999999046325684,751,NEMAK.A,MEDIA,False,0.8128501487034573
FIBRATC14.MX,0.05826629392349489,0.38111817323805314,0.191143099650799,0.014566573480873722,0.19055908661902657,-0.04390686997246111,0.05409582689335394,0.028068716557423667,26.770000457763672,647,FIBRATC.14,MEDIA,False,0.5015323673148686
GCARSOA1.MX,0.017033455878254476,0.379445603014034,0.35031278634293,0.004258363969563619,0.189722801507017,-0.1527664141086426,0.002663115845539281,0.037789264526116084,139.0500030517578,751,GCARSO.A1,LIQUIDA,False,0.923222679510068
GENTERA.MX,0.23687380958726087,0.37707177449395685,0.34847808837345623,0.05921845239681522,0.18853588724697842,0.4292917702591265,0.010652463382157125,0.033760252911193944,39.349998474121094,751,GENTERA,LIQUIDA,False,0.9241691156574254
ORBIA.MX,-0.21224573728668783,0.3753426729852642,0.29945769419223245,-0.05306143432167196,0.1876713364926321,-0.7652893154996128,0.013315579227696404,0.03637536539210018,20.59000015258789,751,ORBIA,LIQUIDA,False,0.7978248031605749
OMAB.MX,0.06705174962637189,0.37095057999459485,0.2691267801944034,0.016762937406592973,0.18547528999729743,-0.021426709654272326,0.0013315579227696406,0.028553530656311665,210.22999572753906,751,OMA.B,LIQUIDA,False,0.7255057538886308
TRAXIONA.MX,-0.3256004375694682,0.35842481917366936,0.33173491798708177,-0.08140010939236705,0.17921240958683468,-1.1176693580903037,0.018641810918774968,0.034820193446879866,11.289999961853027,751,TRAXION.A,LIQUIDA,False,0.9255355662922009
GAPB.MX,0.07988627584997929,0.35665026733514965,0.2613866994807837,0.019971568962494822,0.17832513366757483,0.013700468771519477,0.002663115845539281,0.031440535561658045,351.2200012207031,751,GAP.B,LIQUIDA,False,0.7328936031194803
AGUA.MX,-0.1735214114105698,0.3538983134006144,0.27337798728592394,-0.04338035285264245,0.1769491567003072,-0.7022396038639565,0.02796271637816245,0.03438063649762774,14.069999694824219,751,AGUA,LIQUIDA,False,0.772476095347928
MEGACPO.MX,0.14196373805371099,0.35326948067121794,0.2685551790380548,0.035490934513427747,0.17663474033560897,0.1895542686746638,0.007989347536617843,0.03258835616587946,50.790000915527344,751,MEGA.CPO,LIQUIDA,False,0.7601992069277976
CUERVO.MX,-0.3660256184321693,0.35207766587503486,0.2977236688601046,-0.09150640460804232,0.17603883293751743,-1.2526373047153332,0.02130492676431425,0.030219030426791027,14.4399995803833,751,CUERVO,LIQUIDA,False,0.8456192985719734
LASITE.MX,-0.004594181828754552,0.34809788940931485,0.2818665500030239,-0.001148545457188638,0.17404894470465743,-0.22865459472856162,0.07806191117092867,0.03513671131819336,7.090000152587891,743,LASITE,MEDIA,False,0.8097335794862804
GMEXICOB.MX,0.3744171721450446,0.34463329536327264,0.2931879549556543,0.09360429303626115,0.17231664768163632,0.8687993185029717,0.0026560424966799467,0.03378941641027553,223.77000427246094,753,GMEXICO.B,LIQUIDA,False,0.8507244044618771
HCITY.MX,-0.06729981118953358,0.34316673158054023,0.2594110334539291,-0.016824952797383396,0.17158336579027011,-0.4146666855908095,0.07323568575233022,0.03142458924003022,5.639999866485596,751,HCITY,MEDIA,False,0.7559329316660349
LABB.MX,0.04737155420984914,0.34190848775380017,0.28528927997152675,0.011842888552462285,0.17095424387690009,-0.08080655140110302,0.013315579227696404,0.031096669948779798,13.039999961853027,751,LAB.B,LIQUIDA,False,0.8344024503333082
Q.MX,0.07881356236661503,0.33879848286455105,0.2995015163768887,0.01970339059165376,0.16939924143227553,0.011256137673260091,0.005326231691078562,0.034861345079774175,155.30999755859375,751,Q,LIQUIDA,False,0.8840107955755724
SIGMAFA.MX,0.14374861163841607,0.33731702280849557,0.2597018317672789,0.03593715290960402,0.16865851140424779,0.20381008662419806,0.12649800266311584,0.027920018285309822,17.989999771118164,751,SIGMAF.A,MEDIA,False,0.7699043161385869
RA.MX,0.09948391662835843,0.33466268084295114,0.2744682431481207,0.024870979157089607,0.16733134042147557,0.07315998475446421,0.002663115845539281,0.029853784090925706,140.6699981689453,751,R.A,LIQUIDA,False,0.8201340001723162
FIHO12.MX,-0.054343646243134494,0.3333301352378381,0.20847327409872765,-0.013585911560783624,0.16666506761891905,-0.3880346616451137,0.09986684420772303,0.028360120188224924,7.579999923706055,751,FIHO.12,MEDIA,False,0.6254258228107026
CEMEXCPO.MX,0.08573879325698397,0.33038927498549264,0.27715534617705384,0.021434698314245992,0.16519463749274632,0.032503455983719544,0.013315579227696404,0.03166994948778912,18.639999389648438,751,CEMEX.CPO,LIQUIDA,False,0.8388751305236034
AUTLANB.MX,-0.10064621973865574,0.32451147238218414,0.2436984999367305,-0.025161554934663936,0.16225573619109207,-0.5412635135801714,0.11584553928095873,0.028379378051953508,7.5,751,AUTLAN.B,MEDIA,False,0.7509703683132705
ANGELD10.MX,0.09036561096314678,0.32116771883791295,0.2722029318382259,0.022591402740786696,0.16058385941895648,0.047842949530371416,0.020080321285140562,0.031059152943034622,24.649999618530273,747,ANGELD.10,LIQUIDA,True,0.8475413806317235
FRAGUAB.MX,0.001365740979219781,0.3206047795561104,0.23878396670108865,0.00034143524480494526,0.1603023897780552,-0.22967299215791379,0.14380825565912117,0.03329657146859172,454.989990234375,751,FRAGUA.B,MEDIA,False,0.7447922861028279
HERDEZ.MX,0.1438784519018652,0.31855336601418505,0.21288574348468364,0.0359696129754663,0.15927668300709252,0.21622264665945512,0.02663115845539281,0.02544523178738206,49.369998931884766,751,HERDEZ,LIQUIDA,False,0.6682891037955755
FIBRAPL14.MX,0.1945188476463839,0.3171588305056771,0.23893636617020042,0.04862971191159598,0.15857941525283856,0.3768422511075079,0.0013280212483399733,0.028390205783155032,74.8499984741211,753,FIBRAPL.14,LIQUIDA,False,0.7533650120642739
BBAJIOO.MX,0.14389429716518712,0.3168072652399261,0.2768699818050474,0.03597357429129678,0.15840363261996304,0.21746438520913258,0.005326231691078562,0.0320972049045572,56.709999084472656,751,BBAJIO.O,LIQUIDA,False,0.8739382336934944
ASURB.MX,0.058451014873276065,0.31239590284517466,0.23057711185396293,0.014612753718319016,0.15619795142258733,-0.05297439875492129,0.0013315579227696406,0.02519703766103948,434.0,751,ASUR.B,LIQUIDA,False,0.7380926246277896
GCC.MX,0.06293728376460764,0.31238354950860686,0.2682462088455263,0.01573432094115191,0.15619177475430343,-0.03861508153796045,0.0,0.026809370223089546,191.75,751,GCC,LIQUIDA,False,0.8587078585523772
GFINBURO.MX,0.07457823344851663,0.2990781612963098,0.2528753264695301,0.01864455836212916,0.1495390806481549,-0.0014102218284854987,0.002663115845539281,0.027371604236241187,43.810001373291016,751,GFINBUR.O,LIQUIDA,False,0.8455158523560516
BIMBOA.MX,-0.10237777193093545,0.2967108863478856,0.254071228920884,-0.02559444298273386,0.1483554431739428,-0.5978134948610033,0.0039946737683089215,0.028907596821449943,56.47999954223633,751,BIMBO.A,LIQUIDA,False,0.8562922380373744
ARA.MX,0.1075695205476704,0.2952302688495997,0.29194787824988727,0.0268923801369176,0.14761513442479984,0.11031904240233043,0.11451398135818908,0.029042811615782205,4.920000076293945,751,ARA,MEDIA,False,0.9888819306621145
ALSEA.MX,-0.09828375004214544,0.2947097976623852,0.2439709981181987,-0.02457093751053636,0.1473548988311926,-0.587980960988126,0.010652463382157125,0.028401203580573797,43.0,751,ALSEA,LIQUIDA,False,0.8278347040151273
GFNORTEO.MX,0.20125631471374247,0.2914206958924299,0.25533391658157323,0.05031407867843562,0.14571034794621496,0.43324416039534336,0.0013315579227696406,0.026548172811745485,196.94000244140625,751,GFNORTE.O,LIQUIDA,False,0.8761694697065128
BOLSAA.MX,0.0917835483462924,0.28283441687371813,0.22575530740672237,0.0229458870865731,0.14141720843685907,0.059340544661458376,0.009320905459387484,0.025709118122260066,39.119998931884766,751,BOLSA.A,LIQUIDA,False,0.7981889541664908
PINFRA.MX,0.18461292821422107,0.2816628522344396,0.2460253348294739,0.04615323205355527,0.1408314261172198,0.3891635952155512,0.0013315579227696406,0.02616074839229543,263.0199890136719,751,PINFRA,LIQUIDA,False,0.8734745561146873
FUNO11.MX,0.14788800188628048,0.2749494463556161,0.2210079790100632,0.03697200047157012,0.13747472317780804,0.265096012566645,0.015978695073235686,0.02518165428425928,29.56999969482422,751,FUNO.11,LIQUIDA,False,0.8038131443415031
AGUILASCPO.MX,0.23663014039411817,0.27452193496578636,0.20378100446171207,0.05915753509852954,0.13726096748289318,0.5887694927338397,0.023465703971119134,0.02538818835337123,72.0,554,AGUILAS.CPO,LIQUIDA,True,0.7423122836690965
LACOMERUBC.MX,-0.04364172121348665,0.26981198201048023,0.2195365038058523,-0.010910430303371663,0.13490599100524012,-0.4397199869681039,0.00796812749003984,0.024870069410308268,31.31999969482422,753,LACOMER.UBC,LIQUIDA,False,0.8136647682211715
FHIPO14.MX,0.04015282169977629,0.2641142004869903,0.16807399881308124,0.010038205424944073,0.13205710024349515,-0.1319398132927737,0.11051930758988016,0.023327929961421356,14.279999732971191,751,FHIPO.14,MEDIA,False,0.6363686560706538
WALMEX.MX,-0.0834048428920578,0.26110903675719815,0.2246714713498289,-0.02085121072301445,0.13055451837859908,-0.6066616646414899,0.0039946737683089215,0.023147880876036864,47.18000030517578,751,WALMEX,LIQUIDA,False,0.8604507685375437
DANHOS13.MX,0.1939095024753413,0.24997722886988497,0.19319407302614194,0.048477375618835326,0.12498861443494248,0.47568133710784755,0.03462050599201065,0.02454480021326838,29.8700008392334,751,DANHOS.13,LIQUIDA,False,0.7728466864743945
KOFUBL.MX,0.1289084013175112,0.2476866601367143,0.23590446446724295,0.0322271003293778,0.12384333006835715,0.21764757652978023,0.0013315579227696406,0.02289697128503515,189.07000732421875,751,KOF.UBL,LIQUIDA,False,0.9524310446797256
KIMBERA.MX,0.05022259452380273,0.24480784203369252,0.2229697692590514,0.012555648630950683,0.12240392101684626,-0.10121164939147329,0.006657789613848202,0.022894764004252444,39.119998931884766,751,KIMBER.A,LIQUIDA,False,0.9107950440099236
FEMSAUBD.MX,0.07933539066161871,0.24015616456993352,0.20112602099975233,0.019833847665404677,0.12007808228496676,0.01805238133021668,0.0,0.02220088620575056,203.1300048828125,751,FEMSA.UBD,LIQUIDA,False,0.8374801511338443
VESTA.MX,-0.02462456897833604,0.24014516192657742,0.1978295408923898,-0.00615614224458401,0.12007258096328871,-0.41485145142668123,0.009320905459387484,0.023723821734271455,58.689998626708984,751,VESTA,LIQUIDA,False,0.8237914905521798
FMTY14.MX,0.16601671439097246,0.23724276399943112,0.20061633284463412,0.041504178597743115,0.11862138199971556,0.3836437953116695,0.03062583222370173,0.022099682692091005,14.15999984741211,751,FMTY.14,LIQUIDA,False,0.8456162348754088
AC.MX,0.08106208749700897,0.2354908593392141,0.20764898019683736,0.02026552187425224,0.11774542966960705,0.02574234734213952,0.0013315579227696406,0.02263564782952976,192.9600067138672,751,AC,LIQUIDA,False,0.8817708711900714
GRUMAB.MX,-0.03887184389527672,0.23495050921270966,0.18519274155249663,-0.00971796097381918,0.11747525460635483,-0.48466310746398167,0.0013315579227696406,0.019954946839761067,242.9600067138672,751,GRUMA.B,LIQUIDA,False,0.7882202178367469
CHDRAUIB.MX,-0.04591932343322759,0.23467771311457894,0.1895813958455181,-0.011479830858306898,0.11733885655728947,-0.5152569531568172,0.009320905459387484,0.02635302559768493,87.43000030517578,751,CHDRAUI.B,LIQUIDA,False,0.8078372391201758
AMXB.MX,0.0832949699365996,0.22544723296982389,0.20930962409384934,0.0208237424841499,0.11272361648491194,0.03679339873605761,0.022636484687083888,0.021143572162379165,19.459999084472656,751,AMX.B,LIQUIDA,False,0.9284195744458991
FIBRAMQ12.MX,0.19083117237552505,0.22358641558385292,0.1878987176019785,0.04770779309388126,0.11179320779192646,0.5180599727986793,0.010652463382157125,0.02071894340357683,43.599998474121094,751,FIBRAMQ.12,LIQUIDA,False,0.8403852135261309
FSHOP13.MX,0.29886383999909083,0.21146608665754843,0.17280971301013526,0.07471595999977271,0.10573304332877421,1.05862761985859,0.14913448735019974,0.018736280964454788,12.0,751,FSHOP.13,MEDIA,False,0.8171982360934597
IVVPESOISHRS.MX,0.22493283929250887,0.1697051738595786,0.11610478986673425,0.05623320982312722,0.0848525869297893,0.8834900897987342,0.0160857908847185,0.017033952881919945,156.1300048828125,746,IVVPESO.ISHRS,LIQUIDA,False,0.6841558641152826
DIABLOI10.MX,-0.002743403813424826,0.16772167257802212,0.14980259030924284,-0.0006858509533562065,0.08386083628901106,-0.4635262850557343,0.056074766355140186,0.016401479185113567,10.699999809265137,749,DIABLOI.10,MEDIA,True,0.8931617960079457
MEXTRAC09.MX,0.116659130322335,0.16477179045634027,0.14670853212378746,0.02916478258058375,0.08238589522817014,0.25282926286689505,0.02422145328719723,0.014966017891874964,63.119998931884766,578,MEXTRAC.09,LIQUIDA,False,0.890374084771877
NAFTRACISHRS.MX,0.10286641624274258,0.15908644025459984,0.13608109574412827,0.025716604060685645,0.07954322012729992,0.1751652510304809,0.014608233731739707,0.015138987895136987,64.5,753,NAFTRAC.ISHRS,LIQUIDA,False,0.8553909153184011
FCFE18.MX,0.08377513575523864,0.10353004911619218,0.07031567269056334,0.02094378393880966,0.05176502455809609,0.0847593122011395,0.10652463382157124,0.009325307839871233,24.950000762939453,751,FCFE.18,MEDIA,False,0.6791812936517376
