accitrade,yahoo,candidatos,n_obs,n_obs_1a,primera_fecha,ultima_fecha,dias_sin_dato,ultimo_precio,vol_anual,pct_dias_planos,estatus
AC,AC.MX,AC.MX,753,251,2023-09-04,2026-09-04,1.0,192.96,0.2372,0.0013,OK
ACCELSA.B,ACCELSAB.MX,ACCELSAB.MX|ACCELSA.MX,753,251,2023-09-04,2026-09-04,1.0,22.17,0.0669,0.9934,OK
ACTINVR.B,ACTINVRB.MX,ACTINVRB.MX|ACTINVR.MX,753,251,2023-09-04,2026-09-04,1.0,21.5,0.1907,0.4215,OK
AGUA,AGUA.MX,AGUA.MX,753,251,2023-09-04,2026-09-04,1.0,14.07,0.3537,0.0279,OK
AGUILAS.CPO,AGUILASCPO.MX,AGUILASCPO.MX|AGUILAS.MX,557,251,2024-06-17,2026-09-04,1.0,72.0,0.2741,0.0234,OK
ALPEK.A,ALPEKA.MX,ALPEKA.MX|ALPEK.MX,753,251,2023-09-04,2026-09-04,1.0,12.97,0.4141,0.016,OK
ALSEA,ALSEA.MX,ALSEA.MX,753,251,2023-09-04,2026-09-04,1.0,43.0,0.2945,0.0106,OK
ALTERNA.B,ALTERNAB.MX,ALTERNAB.MX|ALTERNA.MX,753,251,2023-09-04,2026-09-04,1.0,1.6,0.2084,0.8497,OK
AMX.B,AMXB.MX,AMXB.MX|AMX.MX,753,251,2023-09-04,2026-09-04,1.0,19.46,0.2255,0.0226,OK
ANGELD.10,ANGELD10.MX,ANGELD10.MX|ANGELD.MX,751,252,2023-09-04,2026-09-04,1.0,24.65,0.321,0.02,OK
ARA,ARA.MX,ARA.MX,753,251,2023-09-04,2026-09-04,1.0,4.92,0.295,0.1144,OK
ARISTOS.A,ARISTOSA.MX,ARISTOSA.MX|ARISTOS.MX,753,251,2023-09-04,2026-09-04,1.0,13.55,0.024,0.9973,OK
ASUR.B,ASURB.MX,ASURB.MX|ASUR.MX,753,251,2023-09-04,2026-09-04,1.0,434.0,0.3126,0.0013,OK
AUTLAN.B,AUTLANB.MX,AUTLANB.MX|AUTLAN.MX,753,251,2023-09-04,2026-09-04,1.0,7.5,0.3244,0.1157,OK
AXTEL.CPO,AXTELCPO.MX,AXTELCPO.MX|AXTEL.MX,753,251,2023-09-04,2026-09-04,1.0,3.6,0.4824,0.1184,OK
BBAJIO.O,BBAJIOO.MX,BBAJIOO.MX|BBAJIO.MX,753,251,2023-09-04,2026-09-04,1.0,56.71,0.3182,0.0053,OK
BEVIDES.B,BEVIDESB.MX,BEVIDESB.MX|BEVIDES.MX,753,251,2023-09-04,2026-09-04,1.0,25.0,0.1374,0.9654,OK
BIMBO.A,BIMBOA.MX,BIMBOA.MX|BIMBO.MX,753,251,2023-09-04,2026-09-04,1.0,56.48,0.2975,0.004,OK
BOLSA.A,BOLSAA.MX,BOLSAA.MX|BOLSA.MX,753,251,2023-09-04,2026-09-04,1.0,39.12,0.2829,0.0093,OK
CABLE.CPO,CABLECPO.MX,CABLECPO.MX|CABLE.MX,753,251,2023-09-04,2026-09-04,1.0,55.0,0.0,1.0,OK
CADU.A,CADUA.MX,CADUA.MX|CADU.MX,753,251,2023-09-04,2026-09-04,1.0,7.2,0.314,0.4707,OK
CEMEX.CPO,CEMEXCPO.MX,CEMEXCPO.MX|CEMEX.MX,753,251,2023-09-04,2026-09-04,1.0,18.64,0.3321,0.0133,OK
CHDRAUI.B,CHDRAUIB.MX,CHDRAUIB.MX|CHDRAUI.MX,753,251,2023-09-04,2026-09-04,1.0,87.43,0.2352,0.0093,OK
CIDMEGA,CIDMEGA.MX,CIDMEGA.MX,753,251,2023-09-04,2026-09-04,1.0,19.2,0.1107,0.9255,OK
CIE.B,CIEB.MX,CIEB.MX|CIE.MX,753,251,2023-09-04,2026-09-04,1.0,32.0,0.3208,0.7832,OK
CMOCTEZ,CMOCTEZ.MX,CMOCTEZ.MX,753,251,2023-09-04,2026-09-04,1.0,85.0,0.1916,0.6649,OK
CMR.B,CMRB.MX,CMRB.MX|CMR.MX,753,251,2023-09-04,2026-09-04,1.0,1.38,0.5423,0.3963,OK
COLLADO,COLLADO.MX,COLLADO.MX,753,251,2023-09-04,2026-09-04,1.0,7.8,0.0279,0.996,OK
CONVER.A,CONVERA.MX,CONVERA.MX|CONVER.MX,753,251,2023-09-04,2026-09-04,1.0,2.94,0.2816,0.891,OK
CTAXTEL.A,CTAXTELA.MX,CTAXTELA.MX|CTAXTEL.MX,754,252,2023-09-04,2026-09-04,1.0,1.14,0.4744,0.0797,OK
CUERVO,CUERVO.MX,CUERVO.MX,753,251,2023-09-04,2026-09-04,1.0,14.44,0.352,0.0213,OK
CULTIBA.B,CULTIBAB.MX,CULTIBAB.MX|CULTIBA.MX,753,251,2023-09-04,2026-09-04,1.0,10.75,0.2559,0.6024,OK
CYDSASA.A,CYDSASAA.MX,CYDSASAA.MX|CYDSASA.MX,753,251,2023-09-04,2026-09-04,1.0,24.0,0.2177,0.5439,OK
DANHOS.13,DANHOS13.MX,DANHOS13.MX|DANHOS.MX,753,251,2023-09-04,2026-09-04,1.0,29.87,0.2499,0.0346,OK
DIABLOI.10,DIABLOI10.MX,DIABLOI10.MX|DIABLOI.MX,752,252,2023-09-04,2026-09-04,1.0,10.7,0.1676,0.0559,OK
DINE.A,DINEA.MX,DINEA.MX|DINE.MX,753,251,2023-09-04,2026-09-04,1.0,19.0,0.2022,0.9335,OK
DINE.B,DINEB.MX,DINEB.MX|DINE.MX,753,251,2023-09-04,2026-09-04,1.0,19.04,0.2931,0.9016,OK
EDUCA.18,EDUCA18.MX,EDUCA18.MX|EDUCA.MX,753,251,2023-09-04,2026-09-04,1.0,54.0,0.146,0.8737,OK
ESGMEX.ISHRS,ESGMEXISHRS.MX,ESGMEXISHRS.MX|ESGMEX.MX,753,251,2023-09-04,2026-09-04,1.0,63.06,0.1626,0.3378,OK
FCFE.18,FCFE18.MX,FCFE18.MX|FCFE.MX,753,252,2023-09-04,2026-09-04,1.0,24.95,0.1035,0.1064,OK
FEMSA.UB,FEMSAUB.MX,FEMSAUB.MX|FEMSA.MX,753,251,2023-09-04,2026-09-04,1.0,160.5,0.1591,0.8537,OK
FEMSA.UBD,FEMSAUBD.MX,FEMSAUBD.MX|FEMSA.MX,753,251,2023-09-04,2026-09-04,1.0,203.13,0.24,0.0,OK
FHIPO.14,FHIPO14.MX,FHIPO14.MX|FHIPO.MX,753,251,2023-09-04,2026-09-04,1.0,14.28,0.264,0.1104,OK
FIBRAHD.15,FIBRAHD15.MX,FIBRAHD15.MX|FIBRAHD.MX,753,251,2023-09-04,2026-09-04,1.0,2.19,0.2846,0.4136,OK
FIBRAMQ.12,FIBRAMQ12.MX,FIBRAMQ12.MX|FIBRAMQ.MX,753,251,2023-09-04,2026-09-04,1.0,43.6,0.2237,0.0106,OK
FIBRAPL.14,FIBRAPL14.MX,FIBRAPL14.MX|FIBRAPL.MX,754,252,2023-09-04,2026-09-04,1.0,74.85,0.3172,0.0013,OK
FIBRATC.14,FIBRATC14.MX,FIBRATC14.MX|FIBRATC.MX,696,216,2023-09-04,2026-09-04,1.0,26.77,0.3898,0.0518,OK
FIBRAUP.18,FIBRAUP18.MX,FIBRAUP18.MX|FIBRAUP.MX,753,251,2023-09-04,2026-09-04,1.0,37.5,0.1266,0.9215,OK
FIHO.12,FIHO12.MX,FIHO12.MX|FIHO.MX,753,251,2023-09-04,2026-09-04,1.0,7.58,0.3332,0.0997,OK
FINAMEX.O,FINAMEXO.MX,FINAMEXO.MX|FINAMEX.MX,753,251,2023-09-04,2026-09-04,1.0,42.55,0.1369,0.9814,OK
FINDEP,FINDEP.MX,FINDEP.MX,753,251,2023-09-04,2026-09-04,1.0,6.68,0.4191,0.8737,OK
FINN.13,FINN13.MX,FINN13.MX|FINN.MX,753,251,2023-09-04,2026-09-04,1.0,4.78,0.2425,0.2061,OK
FMTY.14,FMTY14.MX,FMTY14.MX|FMTY.MX,753,251,2023-09-04,2026-09-04,1.0,14.16,0.2373,0.0306,OK
FNOVA.17,FNOVA17.MX,FNOVA17.MX|FNOVA.MX,753,251,2023-09-04,2026-09-04,1.0,28.15,0.0626,0.8098,OK
FPLUS.16,FPLUS16.MX,FPLUS16.MX|FPLUS.MX,753,251,2023-09-04,2026-09-04,1.0,5.01,0.3966,0.1769,OK
FRAGUA.B,FRAGUAB.MX,FRAGUAB.MX|FRAGUA.MX,753,251,2023-09-04,2026-09-04,1.0,454.99,0.3204,0.1436,OK
FSHOP.13,FSHOP13.MX,FSHOP13.MX|FSHOP.MX,753,251,2023-09-04,2026-09-04,1.0,12.0,0.2113,0.1489,OK
FSITES.20,FSITES20.MX,FSITES20.MX|FSITES.MX,728,226,2023-09-04,2026-09-04,1.0,26.0,0.0257,0.9807,OK
FUNO.11,FUNO11.MX,FUNO11.MX|FUNO.MX,753,251,2023-09-04,2026-09-04,1.0,29.57,0.2748,0.016,OK
FVIA.16,FVIA16.MX,FVIA16.MX|FVIA.MX,753,251,2023-09-04,2026-09-04,1.0,19.57,0.0976,0.8949,OK
GAP.B,GAPB.MX,GAPB.MX|GAP.MX,753,251,2023-09-04,2026-09-04,1.0,351.22,0.3567,0.0027,OK
GBM.O,GBMO.MX,GBMO.MX|GBM.MX,753,251,2023-09-04,2026-09-04,1.0,16.2,0.1806,0.6822,OK
GCARSO.A1,GCARSOA1.MX,GCARSOA1.MX|GCARSO.MX,753,251,2023-09-04,2026-09-04,1.0,139.05,0.3792,0.0027,OK
GCC,GCC.MX,GCC.MX,753,251,2023-09-04,2026-09-04,1.0,191.75,0.3123,0.0,OK
GENTERA,GENTERA.MX,GENTERA.MX,753,251,2023-09-04,2026-09-04,1.0,39.35,0.3771,0.0106,OK
GFINBUR.O,GFINBURO.MX,GFINBURO.MX|GFINBUR.MX,753,251,2023-09-04,2026-09-04,1.0,43.81,0.2989,0.0027,OK
GFMULTI.O,GFMULTIO.MX,GFMULTIO.MX|GFMULTI.MX,753,251,2023-09-04,2026-09-04,1.0,8.0,0.0468,0.996,OK
GFNORTE.O,GFNORTEO.MX,GFNORTEO.MX|GFNORTE.MX,753,251,2023-09-04,2026-09-04,1.0,196.94,0.2915,0.0013,OK
GICSA.B,GICSAB.MX,GICSAB.MX|GICSA.MX,753,251,2023-09-04,2026-09-04,1.0,2.7,0.3354,0.4242,OK
GIGANTE,GIGANTE.MX,GIGANTE.MX,753,251,2023-09-04,2026-09-04,1.0,30.5,0.1911,0.8457,OK
GISSA.A,GISSAA.MX,GISSAA.MX|GISSA.MX,753,251,2023-09-04,2026-09-04,1.0,11.9,0.28,0.3896,OK
GMD,GMD.MX,GMD.MX,753,251,2023-09-04,2026-09-04,1.0,5.6,0.2009,0.9402,OK
GMEXICO.B,GMEXICOB.MX,GMEXICOB.MX|GMEXICO.MX,754,252,2023-09-04,2026-09-04,1.0,223.77,0.3446,0.0027,OK
GNP,GNP.MX,GNP.MX,753,251,2023-09-04,2026-09-04,1.0,106.0,0.1685,0.9468,OK
GPH.1,GPH1.MX,GPH1.MX|GPH.MX,753,251,2023-09-04,2026-09-04,1.0,42.0,0.0703,0.992,OK
GPROFUT,GPROFUT.MX,GPROFUT.MX,753,251,2023-09-04,2026-09-04,1.0,122.0,0.1554,0.9468,OK
GRUMA.B,GRUMAB.MX,GRUMAB.MX|GRUMA.MX,753,251,2023-09-04,2026-09-04,1.0,242.96,0.2352,0.0013,OK
HCITY,HCITY.MX,HCITY.MX,753,251,2023-09-04,2026-09-04,1.0,5.64,0.3429,0.0731,OK
HERDEZ,HERDEZ.MX,HERDEZ.MX,753,251,2023-09-04,2026-09-04,1.0,49.37,0.3185,0.0266,OK
HOTEL,HOTEL.MX,HOTEL.MX,753,251,2023-09-04,2026-09-04,1.0,5.25,0.3058,0.4707,OK
ICH.B,ICHB.MX,ICHB.MX|ICH.MX,753,251,2023-09-04,2026-09-04,1.0,169.03,0.1948,0.2886,OK
INVEX.A,INVEXA.MX,INVEXA.MX|INVEX.MX,753,251,2023-09-04,2026-09-04,1.0,104.55,0.0867,0.9322,OK
IVVPESO.ISHRS,IVVPESOISHRS.MX,IVVPESOISHRS.MX|IVVPESO.MX,750,252,2023-09-04,2026-09-04,1.0,156.13,0.17,0.016,OK
KIMBER.A,KIMBERA.MX,KIMBERA.MX|KIMBER.MX,753,251,2023-09-04,2026-09-04,1.0,39.12,0.2447,0.0066,OK
KIMBER.B,KIMBERB.MX,KIMBERB.MX|KIMBER.MX,753,251,2023-09-04,2026-09-04,1.0,38.94,0.1298,0.9614,OK
KOF.UBL,KOFUBL.MX,KOFUBL.MX|KOF.MX,753,251,2023-09-04,2026-09-04,1.0,189.07,0.2477,0.0013,OK
KUO.A,KUOA.MX,KUOA.MX|KUO.MX,753,251,2023-09-04,2026-09-04,1.0,46.0,0.2417,0.9162,OK
KUO.B,KUOB.MX,KUOB.MX|KUO.MX,753,251,2023-09-04,2026-09-04,1.0,45.0,0.2445,0.7806,OK
LAB.B,LABB.MX,LABB.MX|LAB.MX,753,251,2023-09-04,2026-09-04,1.0,13.04,0.3448,0.0133,OK
LACOMER.UBC,LACOMERUBC.MX,LACOMERUBC.MX|LACOMER.MX,754,252,2023-09-04,2026-09-04,1.0,31.32,0.2698,0.008,OK
LAMOSA,LAMOSA.MX,LAMOSA.MX,753,251,2023-09-04,2026-09-04,1.0,96.5,0.1388,0.8085,OK
LASITE,LASITE.MX,LASITE.MX,746,251,2023-09-04,2026-09-04,1.0,7.09,0.3476,0.0792,OK
LIVEPOL.1,LIVEPOL1.MX,LIVEPOL1.MX|LIVEPOL.MX,753,251,2023-09-04,2026-09-04,1.0,102.25,0.2158,0.8564,OK
MEDICA.B,MEDICAB.MX,MEDICAB.MX|MEDICA.MX,753,251,2023-09-04,2026-09-04,1.0,53.46,0.2433,0.5532,OK
MEGA.CPO,MEGACPO.MX,MEGACPO.MX|MEGA.MX,753,251,2023-09-04,2026-09-04,1.0,50.79,0.3533,0.008,OK
MEXTRAC.09,MEXTRAC09.MX,MEXTRAC09.MX|MEXTRAC.MX,657,239,2023-09-05,2026-09-04,1.0,63.12,0.1748,0.0244,OK
MINSA.B,MINSAB.MX,MINSAB.MX|MINSA.MX,753,251,2023-09-04,2026-09-04,1.0,9.88,0.0799,0.9641,OK
NAFTRAC.ISHRS,NAFTRACISHRS.MX,NAFTRACISHRS.MX|NAFTRAC.MX,754,252,2023-09-04,2026-09-04,1.0,64.5,0.1591,0.0146,OK
NEMAK.A,NEMAKA.MX,NEMAKA.MX|NEMAK.MX,753,251,2023-09-04,2026-09-04,1.0,3.1,0.3918,0.0678,OK
OMA.B,OMAB.MX,OMAB.MX|OMA.MX,753,251,2023-09-04,2026-09-04,1.0,210.23,0.3707,0.0013,OK
ORBIA,ORBIA.MX,ORBIA.MX,753,251,2023-09-04,2026-09-04,1.0,20.59,0.3752,0.0133,OK
PASA.B,PASAB.MX,PASAB.MX|PASA.MX,753,251,2023-09-04,2026-09-04,1.0,40.0,0.1129,0.9415,OK
PENOLES,PE&OLES.MX,PE&OLES.MX|PENOLES.MX,753,251,2023-09-04,2026-09-04,1.0,907.17,0.4911,0.0,OK
PINFRA,PINFRA.MX,PINFRA.MX,753,251,2023-09-04,2026-09-04,1.0,263.02,0.2817,0.0013,OK
PINFRA.L,PINFRAL.MX,PINFRAL.MX|PINFRA.MX,753,251,2023-09-04,2026-09-04,1.0,194.06,0.2563,0.3697,OK
POCHTEC.B,POCHTECB.MX,POCHTECB.MX|POCHTEC.MX,753,251,2023-09-04,2026-09-04,1.0,5.4,0.1841,0.6662,OK
POSADAS.A,POSADASA.MX,POSADASA.MX|POSADAS.MX,753,251,2023-09-04,2026-09-04,1.0,27.0,0.1456,0.8684,OK
PROCORP.B,PROCORPB.MX,PROCORPB.MX|PROCORP.MX,753,251,2023-09-04,2026-09-04,1.0,5.8,0.2204,0.9814,OK
PV,PV.MX,PV.MX,753,251,2023-09-04,2026-09-04,1.0,8.5,0.2768,0.9774,OK
Q,Q.MX,Q.MX,753,251,2023-09-04,2026-09-04,1.0,155.31,0.3389,0.0053,OK
R.A,RA.MX,RA.MX|R.MX,753,251,2023-09-04,2026-09-04,1.0,140.67,0.3345,0.0027,OK
RLH.A,RLHA.MX,RLHA.MX|RLH.MX,753,251,2023-09-04,2026-09-04,1.0,15.46,0.1566,0.9721,OK
SIGMAF.A,SIGMAFA.MX,SIGMAFA.MX|SIGMAF.MX,753,251,2023-09-04,2026-09-04,1.0,17.99,0.3371,0.1277,OK
SIMEC.B,SIMECB.MX,SIMECB.MX|SIMEC.MX,753,251,2023-09-04,2026-09-04,1.0,175.92,0.1528,0.484,OK
SORIANA.B,SORIANAB.MX,SORIANAB.MX|SORIANA.MX,753,251,2023-09-04,2026-09-04,1.0,26.0,0.3132,0.2181,OK
SPORT.S,SPORTS.MX,SPORTS.MX|SPORT.MX,753,251,2023-09-04,2026-09-04,1.0,8.48,0.301,0.3338,OK
TEAK.CPO,TEAKCPO.MX,TEAKCPO.MX|TEAK.MX,753,251,2023-09-04,2026-09-04,1.0,0.111,0.9615,0.242,OK
TLEVISA.CPO,TLEVISACPO.MX,TLEVISACPO.MX|TLEVISA.MX,753,251,2023-09-04,2026-09-04,1.0,8.9,0.4585,0.0173,OK
TMM.A,TMMA.MX,TMMA.MX|TMM.MX,753,251,2023-09-04,2026-09-04,1.0,9.75,0.4239,0.5798,OK
TRAXION.A,TRAXIONA.MX,TRAXIONA.MX|TRAXION.MX,753,251,2023-09-04,2026-09-04,1.0,11.29,0.3589,0.0186,OK
VASCONI,VASCONI.MX,VASCONI.MX,753,251,2023-09-04,2026-09-04,1.0,0.275,0.8643,0.2832,OK
VESTA,VESTA.MX,VESTA.MX,753,251,2023-09-04,2026-09-04,1.0,58.69,0.24,0.0093,OK
VINTE,VINTE.MX,VINTE.MX,753,251,2023-09-04,2026-09-04,1.0,35.0,0.1461,0.6529,OK
VISTA.A,VISTAA.MX,VISTAA.MX|VISTA.MX,753,251,2023-09-04,2026-09-04,1.0,1245.0,0.5353,0.0559,OK
VITRO.A,VITROA.MX,VITROA.MX|VITRO.MX,753,251,2023-09-04,2026-09-04,1.0,3.45,0.4437,0.5186,OK
VOLAR.A,VOLARA.MX,VOLARA.MX|VOLAR.MX,753,251,2023-09-04,2026-09-04,1.0,11.6,0.4679,0.0186,OK
WALMEX,WALMEX.MX,WALMEX.MX,753,251,2023-09-04,2026-09-04,1.0,47.18,0.2612,0.004,OK
DIABLOS.O,DIABLOSO.MX,DIABLOSO.MX|DIABLOS.MX,279,160,2025-03-11,2026-09-01,4.0,42.0,0.2439,0.482,ILIQUIDA
SMARTRC.14,SMARTRC14.MX,SMARTRC14.MX|SMARTRC.MX,211,179,2023-09-05,2026-09-04,1.0,61.33,0.3021,0.019,ILIQUIDA
STORAGE.18,STORAGE18.MX,STORAGE18.MX|STORAGE.MX,549,168,2023-09-04,2026-09-03,2.0,26.0,0.1905,0.2664,ILIQUIDA
BAFAR.B,BAFARB.MX,BAFARB.MX|BAFAR.MX,192,31,2023-09-04,2025-04-29,494.0,120.0,0.2023,0.822,RANCIA
BEVIDES.A,BEVIDESA.MX,BEVIDESA.MX|BEVIDES.MX,1,1,2026-07-17,2026-07-17,50.0,15.0,,,RANCIA
DLRTRAC.15,DLRTRAC15.MX,DLRTRAC15.MX|DLRTRAC.MX,730,251,2023-09-04,2026-08-04,32.0,18.18,0.1219,0.1043,RANCIA
FIDEAL.20,FIDEAL20.MX,FIDEAL20.MX|FIDEAL.MX,1,1,2026-04-08,2026-04-08,150.0,68.85,,,RANCIA
LASEG,LASEG.MX,LASEG.MX,1,1,2026-07-17,2026-07-17,50.0,1.6306,,,RANCIA
PLANI,PLANI.MX,PLANI.MX,1,1,2026-07-17,2026-07-17,50.0,14.2,,,RANCIA
PSOTRAC.15,PSOTRAC15.MX,PSOTRAC15.MX|PSOTRAC.MX,730,251,2023-09-04,2026-08-04,32.0,15.2,0.109,0.5528,RANCIA
DIABLOS.A,,DIABLOSA.MX|DIABLOS.MX,0,0,,,,,,,SIN_DATOS
IDEAL.B1,,IDEALB1.MX|IDEAL.MX,0,0,,,,,,,SIN_DATOS
INFRAEX.18,,INFRAEX18.MX|INFRAEX.MX,0,0,,,,,,,SIN_DATOS
LIVEPOL.C1,,LIVEPOLC1.MX|LIVEPOL.MX,0,0,,,,,,,SIN_DATOS
MFRISCO.A1,,MFRISCOA1.MX|MFRISCO.MX,0,0,,,,,,,SIN_DATOS
SITES1.A1,,SITES1A1.MX|SITES1.MX,0,0,,,,,,,SIN_DATOS
