alpha,VaR_suma,VaR_agregado,D_VaR,TVaR_suma,TVaR_agregado,D_TVaR,par
0.5,0.0,0.00011414076301122233,-0.00011414076301122233,0.018598351062695244,0.015085932449550685,0.0035124186131445592,AXTEL + CTAXTEL (mismo grupo)
0.505,0.0,0.00043886677862660893,-0.00043886677862660893,0.018598351062695244,0.015245868119473937,0.003352482943221307,AXTEL + CTAXTEL (mismo grupo)
0.51,0.0,0.0006410310346864506,-0.0006410310346864506,0.018598351062695244,0.015405267219310174,0.0031930838433850695,AXTEL + CTAXTEL (mismo grupo)
0.515,0.0,0.0007897427530203259,-0.0007897427530203259,0.018598351062695244,0.015526006552142948,0.003072344510552296,AXTEL + CTAXTEL (mismo grupo)
0.52,0.0,0.0009402558869815831,-0.0009402558869815831,0.018598351062695244,0.015688765326391806,0.0029095857363034376,AXTEL + CTAXTEL (mismo grupo)
0.525,0.0,0.0011281720248296969,-0.0011281720248296969,0.018598351062695244,0.01585285396098903,0.0027454971017062124,AXTEL + CTAXTEL (mismo grupo)
0.53,0.0,0.001266435846704208,-0.001266435846704208,0.018598351062695244,0.016018539678225505,0.0025798113844697386,AXTEL + CTAXTEL (mismo grupo)
0.535,0.0,0.001412302522280701,-0.001412302522280701,0.018598351062695244,0.016144445634376062,0.0024539054283191815,AXTEL + CTAXTEL (mismo grupo)
0.54,0.0,0.001691252805281096,-0.001691252805281096,0.018598351062695244,0.016313262298818496,0.0022850887638767477,AXTEL + CTAXTEL (mismo grupo)
0.545,0.0005580422059439137,0.0018098178647733283,-0.0012517756588294145,0.01864831719116153,0.01648317606362667,0.00216514112753486,AXTEL + CTAXTEL (mismo grupo)
0.55,0.0006930231709443304,0.0019876333368001606,-0.0012946101658558302,0.018774187139748013,0.016656081719315645,0.002118105420432368,AXTEL + CTAXTEL (mismo grupo)
0.555,0.0013930519488794947,0.002200606907030372,-0.0008075549581508775,0.018931861015072757,0.01678635858104067,0.002145502434032085,AXTEL + CTAXTEL (mismo grupo)
0.56,0.0024058916046288195,0.002688735237971598,-0.00028284363334277847,0.01911104958401959,0.016959427068450855,0.002151622515568736,AXTEL + CTAXTEL (mismo grupo)
0.565,0.002767614892781707,0.002914449691803491,-0.00014683479902178427,0.01931299428576176,0.01713212135285773,0.002180872932904032,AXTEL + CTAXTEL (mismo grupo)
0.57,0.0029628007838606355,0.003040161460607663,-7.736067674702762e-05,0.019542601365019827,0.01730727186386983,0.0022353295011499977,AXTEL + CTAXTEL (mismo grupo)
0.575,0.0030732480006235626,0.0031802224984427206,-0.00010697449781915799,0.01967133819160633,0.017440361665767776,0.002230976525838556,AXTEL + CTAXTEL (mismo grupo)
0.58,0.0032909187772411285,0.003428846618144962,-0.00013792784090383347,0.019880403390392848,0.017619386810961757,0.002261016579431091,AXTEL + CTAXTEL (mismo grupo)
0.585,0.0033922739569731963,0.003574447439215829,-0.00018217348224263286,0.02011931181660577,0.01780058350239753,0.0023187283142082384,AXTEL + CTAXTEL (mismo grupo)
0.59,0.0034741089034467953,0.004097162618514695,-0.0006230537150678996,0.020308723552632822,0.017981777541578804,0.0023269460110540187,AXTEL + CTAXTEL (mismo grupo)
0.595,0.0035218301476429535,0.004342018333031497,-0.0008201881853885434,0.020474093161741168,0.01811705872135858,0.002357034440382589,AXTEL + CTAXTEL (mismo grupo)
0.6,0.0037397741506358874,0.004458557586749501,-0.0007187834361136133,0.020698048300999795,0.018299467349427133,0.002398580951572662,AXTEL + CTAXTEL (mismo grupo)
0.605,0.00404489804447055,0.004643233373706645,-0.0005983353292360943,0.020953128017637122,0.01848473162359013,0.0024683963940469907,AXTEL + CTAXTEL (mismo grupo)
0.61,0.004148470792550164,0.0046961931416747826,-0.0005477223491246186,0.021183479447281904,0.018673119887869034,0.0025103595594128704,AXTEL + CTAXTEL (mismo grupo)
0.615,0.004340980030462644,0.004873720393520079,-0.0005327403630574351,0.02132865785627943,0.018816725592246314,0.0025119322640331163,AXTEL + CTAXTEL (mismo grupo)
0.62,0.004573212952924437,0.005003890443322722,-0.00043067749039828445,0.021565195887164768,0.019011002728388977,0.002554193158775791,AXTEL + CTAXTEL (mismo grupo)
0.625,0.004935714258568119,0.00544473533398792,-0.0005090210754198007,0.021803951937042133,0.019207592166527093,0.00259635977051504,AXTEL + CTAXTEL (mismo grupo)
0.63,0.005974189152611709,0.005572012149219009,0.0004021770033927003,0.022066230584849272,0.019404538128826115,0.002661692456023157,AXTEL + CTAXTEL (mismo grupo)
0.635,0.006255403061361782,0.005965234846647757,0.0002901682147140247,0.022211239375259963,0.019553102910019726,0.002658136465240237,AXTEL + CTAXTEL (mismo grupo)
0.64,0.006334102966541088,0.006124812858215303,0.00020929010832578497,0.022475413635796256,0.01975262966143212,0.002722783974364134,AXTEL + CTAXTEL (mismo grupo)
0.645,0.006463922856976164,0.006138751339434471,0.00032517151754169263,0.022686802426580808,0.019956719759089872,0.0027300826674909358,AXTEL + CTAXTEL (mismo grupo)
0.65,0.00656897370702818,0.006393498295282829,0.00017547541174535095,0.022932637771057737,0.020165394789388197,0.0027672429816695404,AXTEL + CTAXTEL (mismo grupo)
0.655,0.006858405474574562,0.006636991597748349,0.0002214138768262125,0.023120526247144495,0.02032232898006574,0.0027981972670787537,AXTEL + CTAXTEL (mismo grupo)
0.66,0.007105413576856276,0.006862582923747161,0.00024283065310911484,0.023372686869318315,0.02053491495394027,0.002837771915378047,AXTEL + CTAXTEL (mismo grupo)
0.665,0.007445097816954431,0.006984430857381765,0.00046066695957266545,0.023628759575456265,0.020750929108365113,0.002877830467091152,AXTEL + CTAXTEL (mismo grupo)
0.67,0.007811887151060027,0.007333236608206413,0.0004786505428536142,0.023918578989863923,0.020969577686579154,0.0029490013032847685,AXTEL + CTAXTEL (mismo grupo)
0.675,0.008124112679546214,0.007598677951998072,0.0005254347275481415,0.024081005643282367,0.02113437573240546,0.002946629910876908,AXTEL + CTAXTEL (mismo grupo)
0.68,0.00830015576765088,0.00805786912626354,0.00024228664138734035,0.024377732955232614,0.021356167057870114,0.0030215658973625006,AXTEL + CTAXTEL (mismo grupo)
0.685,0.008661978111566366,0.008280302703651127,0.0003816754079152395,0.0246477797780882,0.021578597353844528,0.0030691824242436716,AXTEL + CTAXTEL (mismo grupo)
0.69,0.008843149335963262,0.008497239605273784,0.0003459097306894778,0.024920398253824562,0.021805504903344233,0.0031148933504803293,AXTEL + CTAXTEL (mismo grupo)
0.695,0.00896550088613082,0.008880112839550204,8.538804658061484e-05,0.025093641790897014,0.02197589389703392,0.0031177478938630952,AXTEL + CTAXTEL (mismo grupo)
0.7,0.009272557852046993,0.009077355774186665,0.00019520207786032778,0.025377020434146406,0.02220624160569248,0.003170778828453926,AXTEL + CTAXTEL (mismo grupo)
0.705,0.009454386696740267,0.009229056542255571,0.00022533015448469515,0.025665539225004502,0.02244110153900327,0.0032244376860012317,AXTEL + CTAXTEL (mismo grupo)
0.71,0.009648543296997542,0.009479781904714088,0.0001687613922834539,0.026037280808299958,0.02268187211210676,0.0033554086961931975,AXTEL + CTAXTEL (mismo grupo)
0.715,0.010090369274058892,0.009766990837756609,0.0003233784363022834,0.026187065257413867,0.022863285618996462,0.0033237796384174047,AXTEL + CTAXTEL (mismo grupo)
0.72,0.01045838709217304,0.00998438320908066,0.00047400388309237936,0.0264892207804655,0.02311017713669444,0.003379043643771059,AXTEL + CTAXTEL (mismo grupo)
0.725,0.01087176508832947,0.01018013364811343,0.0006916314402160405,0.02679565287324955,0.023362463325337396,0.003433189547912153,AXTEL + CTAXTEL (mismo grupo)
0.73,0.011598519578193828,0.010339860438708175,0.0012586591394856527,0.027103464909219915,0.02361992355656129,0.0034835413526586242,AXTEL + CTAXTEL (mismo grupo)
0.735,0.01197475945916662,0.010602950004897504,0.0013718094542691153,0.027371708418267575,0.023817434347676275,0.0035542740705913,AXTEL + CTAXTEL (mismo grupo)
0.74,0.012256486928797383,0.010844829984411528,0.001411656944385855,0.02764461423445347,0.024085658747761304,0.003558955486692165,AXTEL + CTAXTEL (mismo grupo)
0.745,0.012631105143806531,0.011078440556438984,0.0015526645873675474,0.02796169004144699,0.024360521518360257,0.003601168523086732,AXTEL + CTAXTEL (mismo grupo)
0.75,0.012931430312867212,0.011335774385179548,0.0015956559276876642,0.02828372779921956,0.024639760079242106,0.003643967719977454,AXTEL + CTAXTEL (mismo grupo)
0.755,0.013072697152552683,0.011459599981820688,0.0016130971707319954,0.028658702497425026,0.024927273600336287,0.0037314288970887385,AXTEL + CTAXTEL (mismo grupo)
0.76,0.01327766116413914,0.011681784943190159,0.0015958762209489809,0.02887191375633657,0.02514862954323708,0.0037232842130994898,AXTEL + CTAXTEL (mismo grupo)
0.765,0.013530453439363273,0.012030174344430046,0.0015002790949332264,0.029221856098580055,0.02544912771125425,0.0037727283873258063,AXTEL + CTAXTEL (mismo grupo)
0.77,0.01380659449656373,0.012677824396576408,0.0011287700999873217,0.029581044637518664,0.025751891378486602,0.0038291532590320615,AXTEL + CTAXTEL (mismo grupo)
0.775,0.014390927709052684,0.012982965532332458,0.0014079621767202257,0.029947660294692924,0.026057651703524077,0.003890008591168847,AXTEL + CTAXTEL (mismo grupo)
0.78,0.01467226773408854,0.013207569117925118,0.001464698616163421,0.030226186983737472,0.026291756987617453,0.0039344299961200195,AXTEL + CTAXTEL (mismo grupo)
0.785,0.015029229148009566,0.013400567532768788,0.0016286616152407785,0.030606744756007546,0.026612689468523687,0.0039940552874838595,AXTEL + CTAXTEL (mismo grupo)
0.79,0.015459527553089302,0.013738635618012505,0.0017208919350767977,0.030994635375511833,0.026942715015779814,0.004051920359732019,AXTEL + CTAXTEL (mismo grupo)
0.795,0.01587662543384485,0.014229322916590228,0.0016473025172546226,0.03139133999351248,0.027279344820052773,0.004111995173459705,AXTEL + CTAXTEL (mismo grupo)
0.8,0.016290032787439464,0.014599397078909119,0.0016906357085303449,0.03169567560896475,0.027534733319074467,0.004160942289890286,AXTEL + CTAXTEL (mismo grupo)
0.805,0.016635858411262625,0.014787127902431516,0.001848730508831109,0.03211034070715607,0.0278850744711427,0.00422526623601337,AXTEL + CTAXTEL (mismo grupo)
0.81,0.01695862677774892,0.014952947065213648,0.00200567971253527,0.032593096446338995,0.0282484422684752,0.0043446541778637965,AXTEL + CTAXTEL (mismo grupo)
0.815,0.01729458072187564,0.015289206720672001,0.0020053740012036386,0.033037342403848376,0.028626532092934517,0.004410810310913858,AXTEL + CTAXTEL (mismo grupo)
0.82,0.01768201309540072,0.015695471077046986,0.0019865420183537326,0.03332054828846552,0.028916559426446206,0.004403988862019315,AXTEL + CTAXTEL (mismo grupo)
0.825,0.017977363995631657,0.0160171329697741,0.0019602310258575555,0.03379007373977365,0.029313842452222606,0.004476231287551043,AXTEL + CTAXTEL (mismo grupo)
0.83,0.018420250008704613,0.016480671025655355,0.0019395789830492574,0.034277728732613,0.029722678123005504,0.004555050609607494,AXTEL + CTAXTEL (mismo grupo)
0.835,0.019397644546951948,0.016728841038532425,0.0026688035084195226,0.034774818196801935,0.03014348278050667,0.004631335416295266,AXTEL + CTAXTEL (mismo grupo)
0.84,0.02004916383721642,0.01744592602550157,0.0026032378117148494,0.03514622527268265,0.03046447303950969,0.004681752233172961,AXTEL + CTAXTEL (mismo grupo)
0.845,0.02071547779422982,0.017672282500885407,0.0030431952933444133,0.0357174192766906,0.03090645458331472,0.004810964693375882,AXTEL + CTAXTEL (mismo grupo)
0.85,0.020880038064566675,0.017832660528968463,0.003047377535598212,0.03631215299966936,0.0313720515372431,0.004940101462426259,AXTEL + CTAXTEL (mismo grupo)
0.855,0.02110454934751381,0.018016022706260678,0.0030885266412531316,0.03673253795715348,0.031866001282769216,0.004866536674384261,AXTEL + CTAXTEL (mismo grupo)
0.86,0.021633521686068177,0.01924900381300691,0.0023845178730612683,0.03723886356954276,0.032243412226785666,0.0049954513427570915,AXTEL + CTAXTEL (mismo grupo)
0.865,0.022215958790095754,0.01977632700230671,0.0024396317877890435,0.037847330928102885,0.032743806309168365,0.00510352461893452,AXTEL + CTAXTEL (mismo grupo)
0.87,0.022500465135938043,0.020122567104747382,0.002377898031190661,0.038396923392218375,0.03326724096975115,0.005129682422467224,AXTEL + CTAXTEL (mismo grupo)
0.875,0.02283703543710431,0.02077250846996756,0.0020645269671367497,0.039065580454619435,0.03381581850626038,0.005249761948359057,AXTEL + CTAXTEL (mismo grupo)
0.88,0.023557258791892702,0.021078919582787264,0.0024783392091054374,0.039591905145704626,0.03424220958988032,0.005349695555824305,AXTEL + CTAXTEL (mismo grupo)
0.885,0.024202992136213144,0.021365151484390076,0.002837840651823069,0.040318596913087285,0.0348404293984439,0.0054781675146433825,AXTEL + CTAXTEL (mismo grupo)
0.89,0.02500813718977697,0.02185761775693794,0.003150519432839033,0.04108255867554789,0.03547987411531701,0.005602684560230879,AXTEL + CTAXTEL (mismo grupo)
0.895,0.02570970654768908,0.022593020582299752,0.0031166859653893285,0.04187787866800856,0.036153077126997425,0.005724801541011133,AXTEL + CTAXTEL (mismo grupo)
0.9,0.026483137345358888,0.023517355377098804,0.002965781968260084,0.04250037824093178,0.036665664701459655,0.005834713539472125,AXTEL + CTAXTEL (mismo grupo)
0.905,0.027043101150135404,0.024390761691983877,0.0026523394581515272,0.043385542992664006,0.037375606233799416,0.00600993675886459,AXTEL + CTAXTEL (mismo grupo)
0.91,0.028314382854073582,0.024981486352322058,0.003332896501751524,0.044309364931937774,0.03812578971604533,0.0061835752158924465,AXTEL + CTAXTEL (mismo grupo)
0.915,0.029085597722993583,0.025497176296370244,0.0035884214266233387,0.045286831886631615,0.03892962203080627,0.006357209855825344,AXTEL + CTAXTEL (mismo grupo)
0.92,0.03015305475485125,0.026033933084030375,0.0041191216708208744,0.04606571061668034,0.039571276860295726,0.0064944337563846155,AXTEL + CTAXTEL (mismo grupo)
0.925,0.031166519806478138,0.02731829500797316,0.003848224798504978,0.04715451150303242,0.04047363401666586,0.00668087748636656,AXTEL + CTAXTEL (mismo grupo)
0.93,0.032269675227320924,0.02811334572845348,0.004156329498867444,0.04831703562307621,0.04142905920131422,0.00688797642176199,AXTEL + CTAXTEL (mismo grupo)
0.935,0.033114634069720525,0.028795802693291125,0.0043188313764294,0.04958497734487585,0.04249976565754044,0.007085211687335412,AXTEL + CTAXTEL (mismo grupo)
0.94,0.034629992805325194,0.03068419514399641,0.003945797661328784,0.05061238020409876,0.04335338867038017,0.0072589915337185895,AXTEL + CTAXTEL (mismo grupo)
0.945,0.03577568455931455,0.03280402527336579,0.0029716592859487592,0.052091868686679046,0.04448521862017469,0.007606650066504357,AXTEL + CTAXTEL (mismo grupo)
0.95,0.037307802967636014,0.03352972833477449,0.0037780746328615264,0.05373480898523339,0.045667399589957317,0.008067409395276073,AXTEL + CTAXTEL (mismo grupo)
0.955,0.03875202590337941,0.034103468643417,0.00464855725996241,0.0555729241613275,0.04706753830069324,0.008505385860634262,AXTEL + CTAXTEL (mismo grupo)
0.96,0.04028644293660162,0.03553514716481282,0.004751295771788802,0.05713118392190768,0.04827210775098377,0.008859076170923907,AXTEL + CTAXTEL (mismo grupo)
0.965,0.04267125124327134,0.03738323346730799,0.005288017775963348,0.059466559004785466,0.050045790190442495,0.009420768814342971,AXTEL + CTAXTEL (mismo grupo)
0.97,0.04417838179402051,0.041328045910283946,0.0028503358837365655,0.06227414714818681,0.051830411236995166,0.010443735911191646,AXTEL + CTAXTEL (mismo grupo)
0.975,0.04804865583036605,0.04231162268784178,0.005737033142524273,0.06572993799811819,0.053937587062601475,0.011792350935516713,AXTEL + CTAXTEL (mismo grupo)
0.98,0.050446511916535444,0.043272781567672725,0.00717373034886272,0.06883556211682135,0.05605034424195633,0.012785217874865015,AXTEL + CTAXTEL (mismo grupo)
0.985,0.05674172747172383,0.04710476699850366,0.009636960473220171,0.07411152442032007,0.05990873292307509,0.01420279149724498,AXTEL + CTAXTEL (mismo grupo)
0.99,0.06029452234075558,0.04934396397317293,0.010950558367582651,0.08175887760888992,0.0656718972932314,0.016086980315658514,AXTEL + CTAXTEL (mismo grupo)
0.995,0.07177486438766859,0.052252255708303316,0.01952260867936527,0.09850889030933468,0.08080858952010855,0.01770030078922613,AXTEL + CTAXTEL (mismo grupo)
0.5,0.0,0.0001205232653712085,-0.0001205232653712085,0.013096816140270584,0.009949371641908043,0.0031474444983625414,AXTEL + IVVPESO (control)
0.505,3.0317543942737574e-05,0.0001812961239959818,-0.00015097858005324422,0.013135528965544277,0.010055299372184308,0.003080229593359969,AXTEL + IVVPESO (control)
0.51,9.528627086141696e-05,0.00025600525414783544,-0.00016071898328641848,0.013164637976273565,0.010135577254833031,0.003029060721440534,AXTEL + IVVPESO (control)
0.515,0.0001338237538703085,0.00033895061922899385,-0.00020512686535868534,0.013203856910359937,0.010244107709948302,0.0029597492004116346,AXTEL + IVVPESO (control)
0.52,0.00018126590161502638,0.0005598839134001165,-0.0003786180117850901,0.01324330762966212,0.010353312428505356,0.0028899952011567642,AXTEL + IVVPESO (control)
0.525,0.00022830389970202603,0.000938967194608548,-0.000710663294906522,0.013283027218047007,0.010461987218832746,0.002821039999214261,AXTEL + IVVPESO (control)
0.53,0.0002488522816850014,0.0010781594008415604,-0.000829307119156559,0.013313181609720578,0.010542529463979503,0.0027706521457410756,AXTEL + IVVPESO (control)
0.535,0.0002773124994791225,0.0011896544546913341,-0.0009123419552122116,0.013354046000025587,0.01065064967434757,0.002703396325678016,AXTEL + IVVPESO (control)
0.54,0.00032948337009517075,0.0012549487103832755,-0.0009254653402881048,0.013395256547830582,0.01076038463478696,0.002634871913043622,AXTEL + IVVPESO (control)
0.545,0.00040335420163894765,0.0015971125666173528,-0.0011937583649784052,0.013436770201095887,0.01087005349393942,0.002566716707156467,AXTEL + IVVPESO (control)
0.55,0.0009448514984386173,0.0016823794700438772,-0.0007375279716052599,0.013467969102676397,0.010952168588069156,0.002515800514607241,AXTEL + IVVPESO (control)
0.555,0.0011594906741233674,0.0017531830997919268,-0.0005936924256685595,0.01372603939399133,0.011063034339379555,0.0026630050546117747,AXTEL + IVVPESO (control)
0.56,0.0018248259636721455,0.0018626547232899525,-3.7828759617806974e-05,0.013829358453945293,0.011175647863180807,0.002653710590764486,AXTEL + IVVPESO (control)
0.565,0.0021089024652319434,0.0019092455242652956,0.0001996569409666478,0.01393005991892299,0.011289967755451682,0.002640092163471308,AXTEL + IVVPESO (control)
0.57,0.0022504590380261766,0.0020279539518565557,0.00022250508616962093,0.014016936168243371,0.011376631256357732,0.0026403049118856395,AXTEL + IVVPESO (control)
0.575,0.0023049718587322254,0.0022004674359572484,0.00010450442277497697,0.014164590643350922,0.01149295646009737,0.002671634183253552,AXTEL + IVVPESO (control)
0.58,0.002368748650457313,0.002310414375604769,5.83342748525441e-05,0.014315231745627325,0.011610589958207561,0.0027046417874197638,AXTEL + IVVPESO (control)
0.585,0.002496898042566865,0.002356747351459131,0.00014015069110773389,0.014429964019797112,0.011700201997590993,0.002729762022206119,AXTEL + IVVPESO (control)
0.59,0.0026138826048572763,0.002595426845877732,1.8455758979544264e-05,0.014612300331620622,0.011821134361589178,0.002791165970031444,AXTEL + IVVPESO (control)
0.595,0.002699466165444365,0.002701437017019914,-1.9708515755488022e-06,0.01474259719278382,0.011942353049766114,0.0028002441430177057,AXTEL + IVVPESO (control)
0.6,0.002861787456181763,0.002865041779895993,-3.2543237142297447e-06,0.014902274922317747,0.012065301626244907,0.0028369732960728394,AXTEL + IVVPESO (control)
0.605,0.0029545525553894237,0.0029418846122929755,1.2667943096448218e-05,0.01502374187639052,0.012157871903598471,0.0028658699727920484,AXTEL + IVVPESO (control)
0.61,0.003000644462350704,0.003118995278407077,-0.00011835081605637322,0.015188801257912027,0.012283197968589543,0.002905603289322484,AXTEL + IVVPESO (control)
0.615,0.003101228437743524,0.0032031036982135062,-0.00010187526046998236,0.015357559583888705,0.012409967203081339,0.0029475923808073654,AXTEL + IVVPESO (control)
0.62,0.0033442734824536396,0.003382752661589724,-3.8479179136084556e-05,0.015528232986029497,0.012538113248755492,0.002990119737274005,AXTEL + IVVPESO (control)
0.625,0.00393376678380572,0.0035592682527167963,0.0003744985310889237,0.01565662845557362,0.01263479705051502,0.0030218314050585986,AXTEL + IVVPESO (control)
0.63,0.004416442368986191,0.003657225967441417,0.000759216401544774,0.015822514601651443,0.012764880711247465,0.0030576338904039786,AXTEL + IVVPESO (control)
0.635,0.004566798808014198,0.0038325182278669814,0.0007342805801472162,0.016016611814630353,0.012896792275142649,0.003119819539487704,AXTEL + IVVPESO (control)
0.64,0.004623981626973574,0.0038918503780829214,0.0007321312488906525,0.016186691362241896,0.01303096321012324,0.0031557281521186562,AXTEL + IVVPESO (control)
0.645,0.004733843161461379,0.004157072859991828,0.0005767703014695506,0.01634651192730946,0.013132652255320863,0.003213859671988596,AXTEL + IVVPESO (control)
0.65,0.004829209595601206,0.004273340680418611,0.0005558689151825948,0.016462428006601526,0.013268865557652623,0.003193562448948903,AXTEL + IVVPESO (control)
0.655,0.005009364774015479,0.004369483382830965,0.0006398813911845137,0.01664125210056869,0.013407335187178791,0.0032339169133899,AXTEL + IVVPESO (control)
0.66,0.005135294148121026,0.004630038387890418,0.0005052557602306081,0.016823270152032666,0.01354816216014949,0.0032751079918831756,AXTEL + IVVPESO (control)
0.665,0.005325458637416079,0.004767608028000687,0.0005578506094153918,0.01696223298305876,0.013654011039066162,0.0033082219439925977,AXTEL + IVVPESO (control)
0.67,0.005468992651798175,0.0049442512281234,0.0005247414236747754,0.0171496332824849,0.01379654237219696,0.003353090910287942,AXTEL + IVVPESO (control)
0.675,0.00566748137811276,0.005034986733709947,0.0006324946444028132,0.017406686742454075,0.013941126479021142,0.003465560263432933,AXTEL + IVVPESO (control)
0.68,0.0058448584391187245,0.005212485918672912,0.0006323725204458123,0.01748536249047413,0.014051727995539475,0.0034336344949346554,AXTEL + IVVPESO (control)
0.685,0.0059698459786076,0.005410115666745128,0.0005597303118624721,0.01768159443973518,0.01420017709956252,0.0034814173401726614,AXTEL + IVVPESO (control)
0.69,0.006125414008863668,0.00548540178240668,0.0006400122264569874,0.01788227485673423,0.01435104636076962,0.0035312284959646088,AXTEL + IVVPESO (control)
0.695,0.006260701959411866,0.0055463350522636425,0.0007143669071482239,0.018087503388173786,0.014505783205945103,0.0035817201822286836,AXTEL + IVVPESO (control)
0.7,0.006504133977926434,0.005617836742788567,0.0008862972351378669,0.018243480921770125,0.014624998284896624,0.003618482636873501,AXTEL + IVVPESO (control)
0.705,0.006673321782142959,0.005725719788056253,0.0009476019940867064,0.01845468625387136,0.014786903560721326,0.0036677826931500335,AXTEL + IVVPESO (control)
0.71,0.0067668653570242,0.005824202811055817,0.0009426625459683828,0.018708892553585647,0.014953080095996664,0.003755812457588983,AXTEL + IVVPESO (control)
0.715,0.007048868026786866,0.005942512527689718,0.001106355499097148,0.01889122047948035,0.015123531059221042,0.0037676894202593094,AXTEL + IVVPESO (control)
0.72,0.007209108046874061,0.006224474477342238,0.0009846335695318231,0.019059278542975004,0.015252633328259935,0.0038066452147150695,AXTEL + IVVPESO (control)
0.725,0.007512900526325196,0.0063309074422619625,0.001181993084063234,0.019286174906838482,0.015426760849273021,0.0038594140575654613,AXTEL + IVVPESO (control)
0.73,0.00815735972705401,0.006574910005556766,0.0015824497214972444,0.019512356846661714,0.015605146393683976,0.003907210452977738,AXTEL + IVVPESO (control)
0.735,0.008405476843713521,0.006798803842750502,0.001606673000963019,0.01977667891573312,0.01578364253044326,0.003993036385289861,AXTEL + IVVPESO (control)
0.74,0.008566676743717963,0.006977266734205964,0.0015894100095119991,0.019911168162097582,0.01592020587033975,0.00399096229175783,AXTEL + IVVPESO (control)
0.745,0.008804450582845314,0.007127725994244794,0.00167672458860052,0.020146465518155486,0.01610676860597648,0.004039696912179005,AXTEL + IVVPESO (control)
0.75,0.009008898494393014,0.007341328352275883,0.0016675701421171307,0.020386170870382903,0.016295325662202993,0.00409084520817991,AXTEL + IVVPESO (control)
0.755,0.009126592302565944,0.007640448762740267,0.0014861435398256769,0.020570631408256712,0.016439705353072275,0.004130926055184437,AXTEL + IVVPESO (control)
0.76,0.00926971981101754,0.007958407284635075,0.0013113125263824656,0.020866235233262354,0.01663347642926463,0.004232758803997726,AXTEL + IVVPESO (control)
0.765,0.009379610911036618,0.008514795521078136,0.0008648153899584819,0.021084802611447438,0.016824799153391724,0.004260003458055713,AXTEL + IVVPESO (control)
0.77,0.009509604510484635,0.008653668085403687,0.0008559364250809477,0.02135576300811494,0.017015876414628896,0.004339886593486043,AXTEL + IVVPESO (control)
0.775,0.00981450263551954,0.008835907626189654,0.0009785950093298863,0.021562443336293074,0.017162789715826823,0.004399653620466251,AXTEL + IVVPESO (control)
0.78,0.01007828738202282,0.009061423528058157,0.0010168638539646627,0.021844054771588947,0.017362770248692795,0.004481284522896152,AXTEL + IVVPESO (control)
0.785,0.010317201062578926,0.00916899002731483,0.0011482110352640969,0.022133984814384333,0.01756765708063499,0.0045663277337493445,AXTEL + IVVPESO (control)
0.79,0.010623046073229501,0.009269453972369727,0.0013535921008597743,0.022429640998236536,0.01778055561900152,0.004649085379235016,AXTEL + IVVPESO (control)
0.795,0.01100070443498219,0.009603670606777418,0.001397033828204771,0.02265438801537351,0.017942425888793412,0.004711962126580097,AXTEL + IVVPESO (control)
0.8,0.011355769752786375,0.009792387136902647,0.001563382615883728,0.022961457278397837,0.018162613129564922,0.004798844148832915,AXTEL + IVVPESO (control)
0.805,0.011554721789445319,0.00996509220944115,0.0015896295800041683,0.023276581342950832,0.018390159356943502,0.00488642198600733,AXTEL + IVVPESO (control)
0.81,0.011704125111931519,0.010296254487330628,0.0014078706246008904,0.023659385659549,0.018621730792482232,0.005037654867066768,AXTEL + IVVPESO (control)
0.815,0.011899133051638935,0.010491948245341139,0.0014071848062977965,0.023859171057460035,0.018799027474221082,0.005060143583238953,AXTEL + IVVPESO (control)
0.82,0.012118323190804503,0.010628383012012925,0.0014899401787915774,0.024211107445316304,0.019043079444896575,0.005168028000419728,AXTEL + IVVPESO (control)
0.825,0.012451037217589979,0.010837837708776376,0.0016131995088136033,0.024575687495084358,0.019296416278825917,0.00527927121625844,AXTEL + IVVPESO (control)
0.83,0.012717463477066015,0.010933979807934525,0.0017834836691314904,0.02495260379550021,0.01956064157598211,0.005391962219518102,AXTEL + IVVPESO (control)
0.835,0.013232752643691871,0.011078020104973066,0.002154732538718805,0.02524190788455137,0.01976746685063075,0.00547444103392062,AXTEL + IVVPESO (control)
0.84,0.013718102774612988,0.011319927895980209,0.002398174878632779,0.02563396625677951,0.02005422555944468,0.0055797406973348285,AXTEL + IVVPESO (control)
0.845,0.014043731061381539,0.0114893144887652,0.0025544165726163384,0.026105212709538292,0.020351311908695865,0.005753900800842426,AXTEL + IVVPESO (control)
0.85,0.014205312004898345,0.011593367073696646,0.002611944931201699,0.02635379430253261,0.020585022406493576,0.0057687718960390336,AXTEL + IVVPESO (control)
0.855,0.014417325264025909,0.011868645093254577,0.002548680170771332,0.026796810859761506,0.020912069287843536,0.00588474157191797,AXTEL + IVVPESO (control)
0.86,0.0149439361169631,0.012469649977581775,0.002474286139381325,0.027259363196324916,0.021245067604595932,0.006014295591728985,AXTEL + IVVPESO (control)
0.865,0.015370918191083553,0.012594010302636221,0.0027769078884473317,0.02781850530850001,0.021589326282664783,0.006229179025835228,AXTEL + IVVPESO (control)
0.87,0.015742177564060857,0.012840055288589761,0.0029021222754710956,0.028113273208899187,0.021861897904742997,0.00625137530415619,AXTEL + IVVPESO (control)
0.875,0.016117708774901568,0.013127844061026968,0.0029898647138746,0.02863201898704662,0.02224142170154496,0.006390597285501662,AXTEL + IVVPESO (control)
0.88,0.016420341221330112,0.013365719820088827,0.0030546214012412854,0.029182170030738072,0.022640865749318447,0.006541304281419625,AXTEL + IVVPESO (control)
0.885,0.016904899257351974,0.013927615403620787,0.002977283853731187,0.029761694203769777,0.023056386341635583,0.0067053078621341945,AXTEL + IVVPESO (control)
0.89,0.01752003872572598,0.014146670513339302,0.0033733682123866793,0.03021924521460539,0.023383353844350915,0.006835891370254477,AXTEL + IVVPESO (control)
0.895,0.01800780361272407,0.014358420314536855,0.0036493832981872136,0.030853110711746012,0.023844380519461108,0.0070087301922849045,AXTEL + IVVPESO (control)
0.9,0.018733205574171085,0.014858773768342937,0.0038744318058281484,0.031518678603878046,0.024336442699421163,0.007182235904456883,AXTEL + IVVPESO (control)
0.905,0.019269207414546928,0.015351189308154831,0.003918018106392097,0.032216469463680765,0.02485322492533553,0.007363244538345234,AXTEL + IVVPESO (control)
0.91,0.020106097532477187,0.01587001296247602,0.004236084570001169,0.03276269427423151,0.025259896928169896,0.007502797346061612,AXTEL + IVVPESO (control)
0.915,0.020733766518556625,0.016467657118910094,0.004266109399646532,0.033539470521845735,0.025830051729301896,0.007709418792543839,AXTEL + IVVPESO (control)
0.92,0.021697518675275133,0.016862362599462926,0.004835156075812207,0.034351625264775545,0.026435212511267965,0.00791641275350758,AXTEL + IVVPESO (control)
0.925,0.022564797078900977,0.017238629589153346,0.005326167489747631,0.03499235786931315,0.02693506759070417,0.008057290278608981,AXTEL + IVVPESO (control)
0.93,0.02312927214109723,0.018292511598723724,0.004836760542373506,0.0359161133951309,0.02764385752151214,0.00827225587361876,AXTEL + IVVPESO (control)
0.935,0.023735205022833012,0.018811722401346438,0.004923482621486574,0.036931614230658896,0.028384686493143803,0.008546927737515093,AXTEL + IVVPESO (control)
0.94,0.024367587029063442,0.019677052060587848,0.0046905349684755945,0.03808105074175425,0.029192750874444468,0.008888299867309778,AXTEL + IVVPESO (control)
0.945,0.02579103293658873,0.020604560509128136,0.005186472427460592,0.03900577120338465,0.02983141748595507,0.00917435371742958,AXTEL + IVVPESO (control)
0.95,0.027698385938532022,0.02132372670987246,0.006374659228659561,0.04032677653327451,0.03078003306559504,0.009546743467679468,AXTEL + IVVPESO (control)
0.955,0.028963228314944647,0.022223936435938244,0.006739291879006404,0.04172807385260352,0.03185723583859457,0.009870838014008947,AXTEL + IVVPESO (control)
0.96,0.030221451351582357,0.02379981010256963,0.006421641249012726,0.04335358719621732,0.03299533759162059,0.010358249604596727,AXTEL + IVVPESO (control)
0.965,0.03219482685422021,0.024717533834645092,0.007477293019575119,0.04467334449848116,0.033943412624995124,0.010729931873486039,AXTEL + IVVPESO (control)
0.97,0.033297283096977555,0.027427989879776418,0.005869293217201137,0.04677320734589679,0.03533025330577558,0.01144295404012121,AXTEL + IVVPESO (control)
0.975,0.035557358489391816,0.029476534388897392,0.006080824100494424,0.049397755981335584,0.03683074595164851,0.012567010029687076,AXTEL + IVVPESO (control)
0.98,0.03762227252733972,0.030359346205871336,0.007262926321468383,0.05276049949005163,0.03867855100152902,0.014081948488522608,AXTEL + IVVPESO (control)
0.985,0.0423900878808076,0.031848054428919595,0.010542033451888005,0.05579842294869547,0.04059895527203464,0.015199467676660833,AXTEL + IVVPESO (control)
0.99,0.04699235399664384,0.03427386389937599,0.012718490097267846,0.06134673984216463,0.04443125567342291,0.016915484168741717,AXTEL + IVVPESO (control)
0.995,0.05612039375255411,0.0391068670417912,0.017013526710762908,0.07107624912543786,0.051800740127860775,0.019275508997577087,AXTEL + IVVPESO (control)
0.5,0.0,-3.026553214705019e-05,3.026553214705019e-05,0.01620697427530496,0.013196028096520124,0.0030109461787848346,PENOLES + FIBRAMQ (control)
0.505,0.00010729991910994746,0.00037492300601452274,-0.00026762308690457526,0.016380651796413306,0.013336601110959688,0.0030440506854536187,PENOLES + FIBRAMQ (control)
0.51,0.0003265294099428359,0.00046440755402987977,-0.00013787814408704386,0.01655622996065418,0.013476895963118973,0.0030793339975352073,PENOLES + FIBRAMQ (control)
0.515,0.00047389574083662143,0.0008499393213488823,-0.0003760435805122608,0.01668892192106122,0.013582250621744717,0.0031066712993165022,PENOLES + FIBRAMQ (control)
0.52,0.0007652858699392873,0.001074370088651731,-0.0003090842187124437,0.01695060390437807,0.013722349400031123,0.0032282545043469477,PENOLES + FIBRAMQ (control)
0.525,0.0009023508557779582,0.001384688863731042,-0.00048233800795308385,0.01707508232369332,0.013862640357559778,0.003212441966133543,PENOLES + FIBRAMQ (control)
0.53,0.0013631378354320733,0.0015521441222671336,-0.0001890062868350603,0.017226706928954477,0.014003102258684506,0.003223604670269971,PENOLES + FIBRAMQ (control)
0.535,0.0015201558353617234,0.0017186018765357719,-0.00019844604117404845,0.017361966677495996,0.01410926668386022,0.0032526999936357756,PENOLES + FIBRAMQ (control)
0.54,0.0016647119006711645,0.0017898124848599896,-0.0001251005841888251,0.01754451975181096,0.014252051421545741,0.0032924683302652177,PENOLES + FIBRAMQ (control)
0.545,0.001941978741865608,0.0018679910840992944,7.39876577663136e-05,0.017728160041228527,0.014397304024573988,0.003330856016654539,PENOLES + FIBRAMQ (control)
0.55,0.0021189894113485606,0.002109978056482901,9.011354865659602e-06,0.017913874247067328,0.014543902902077091,0.003369971344990237,PENOLES + FIBRAMQ (control)
0.555,0.0024213962242347663,0.0022978204327110782,0.00012357579152368807,0.01805368587573122,0.014654130885461395,0.0033995549902698253,PENOLES + FIBRAMQ (control)
0.56,0.0025569146652592656,0.0023840814040632236,0.00017283326119604207,0.018242004920922896,0.014802933683395034,0.003439071237527862,PENOLES + FIBRAMQ (control)
0.565,0.002739315696212908,0.002514071153590764,0.00022524454262214414,0.018432694745186304,0.014954206727136364,0.00347848801804994,PENOLES + FIBRAMQ (control)
0.57,0.0029303471050312014,0.0025723667463982093,0.00035798035863299216,0.01862595701919085,0.015107873318995076,0.003518083700195773,PENOLES + FIBRAMQ (control)
0.575,0.003081110634974193,0.0028550674692847783,0.00022604316568941487,0.018772377042228783,0.015223740049992463,0.00354863699223632,PENOLES + FIBRAMQ (control)
0.58,0.0032473097272630157,0.002996559093384633,0.0002507506338783826,0.018970246065415385,0.015379188928374098,0.0035910571370412862,PENOLES + FIBRAMQ (control)
0.585,0.0034354138559224267,0.003237129697950609,0.00019828415797181788,0.019170389373167895,0.015536308522763229,0.0036340808504046664,PENOLES + FIBRAMQ (control)
0.59,0.0037516560648387506,0.0034081972278725728,0.00034345883696617783,0.019372174184106333,0.01569453866232043,0.0036776355217859047,PENOLES + FIBRAMQ (control)
0.595,0.004086893453671851,0.0035058073549178235,0.0005810860987540277,0.019524012462997953,0.015814716293347342,0.0037092961696506103,PENOLES + FIBRAMQ (control)
0.6,0.00434567660729853,0.0037257374101513185,0.0006199391971472112,0.019727396304956013,0.01597728431849752,0.0037501119864584917,PENOLES + FIBRAMQ (control)
0.605,0.004616478098196232,0.00390730178977867,0.000709176308417562,0.01993226649857962,0.016141494835096026,0.003790771663483593,PENOLES + FIBRAMQ (control)
0.61,0.005015697169771142,0.0040714045012345,0.0009442926685366421,0.02013839367571138,0.01630706753136403,0.0038313261443473495,PENOLES + FIBRAMQ (control)
0.615,0.005209289927622135,0.0044128963597882195,0.0007963935678339156,0.020293631576604965,0.016431775683156086,0.0038618558934488782,PENOLES + FIBRAMQ (control)
0.62,0.005423150292942606,0.004710411580892187,0.0007127387120504187,0.020503410775972564,0.01659794455517004,0.0039054662208025254,PENOLES + FIBRAMQ (control)
0.625,0.005599029843215905,0.00489856224366985,0.0007004675995460549,0.020716435999903467,0.01676582815650856,0.003950607843394908,PENOLES + FIBRAMQ (control)
0.63,0.005999616590333591,0.0050406783896853056,0.0009589382006482856,0.02093145179246126,0.016934735582486347,0.003996716209974913,PENOLES + FIBRAMQ (control)
0.635,0.00628759294611371,0.005167306815464523,0.0011202861306491866,0.021092957711794112,0.017063788874515543,0.004029168837278569,PENOLES + FIBRAMQ (control)
0.64,0.006464199169391839,0.005289987581681141,0.0011742115877106983,0.021310467369274482,0.017238702292104485,0.004071765077169998,PENOLES + FIBRAMQ (control)
0.645,0.0068510565622756855,0.005432185813235392,0.0014188707490402934,0.021530588065954714,0.01741659512852613,0.004113992937428583,PENOLES + FIBRAMQ (control)
0.65,0.007078560407207557,0.005695204381607751,0.0013833560255998058,0.02175199314420629,0.017597567707209598,0.004154425436996692,PENOLES + FIBRAMQ (control)
0.655,0.0072034862853169665,0.005930770575922878,0.0012727157093940884,0.021920779222912957,0.017733214260720765,0.004187564962192192,PENOLES + FIBRAMQ (control)
0.66,0.0073974078976593236,0.006119375785181214,0.0012780321124781094,0.02214914559162649,0.01791662633445824,0.004232519257168249,PENOLES + FIBRAMQ (control)
0.665,0.0077090863971581835,0.006559070647287158,0.0011500157498710254,0.022381127829005143,0.01810003514015229,0.0042810926888528535,PENOLES + FIBRAMQ (control)
0.67,0.008040510588762522,0.0067429321725709914,0.0012975784161915306,0.02261483578771405,0.018284129189680892,0.004330706598033158,PENOLES + FIBRAMQ (control)
0.675,0.008302637084379186,0.007010686213691027,0.0012919508706881588,0.02279099788426145,0.018423799885056855,0.004367197999204594,PENOLES + FIBRAMQ (control)
0.68,0.008560136760295538,0.007141023290943645,0.001419113469351893,0.023030106425317963,0.018612578317271054,0.004417528108046909,PENOLES + FIBRAMQ (control)
0.685,0.008830740821442903,0.007421490929463078,0.0014092498919798255,0.023271778566083097,0.01880431926883875,0.004467459297244347,PENOLES + FIBRAMQ (control)
0.69,0.009236310514831765,0.007816309399316875,0.00142000111551489,0.023516167800567193,0.01899547097384814,0.004520696826719052,PENOLES + FIBRAMQ (control)
0.695,0.00955099575170214,0.007920534425118026,0.0016304613265841136,0.023699912438009087,0.019140569526126517,0.00455934291188257,PENOLES + FIBRAMQ (control)
0.7,0.009718262235438072,0.008094964211900906,0.0016232980235371657,0.023949591909415334,0.019338009943546928,0.004611581965868406,PENOLES + FIBRAMQ (control)
0.705,0.009997999953288034,0.00817527359014284,0.0018227263631451947,0.02420382013401115,0.019539976905131394,0.004663843228879756,PENOLES + FIBRAMQ (control)
0.71,0.010191720225014139,0.008393145223646124,0.0017985750013680152,0.024461877681774012,0.019746654574844893,0.004715223106929119,PENOLES + FIBRAMQ (control)
0.715,0.010405531954727942,0.00849551484247898,0.0019100171122489618,0.02465964710885217,0.01990431721263662,0.004755329896215549,PENOLES + FIBRAMQ (control)
0.72,0.010880959441945143,0.008611416003090162,0.0022695434388549807,0.024924830433864457,0.02012014125535477,0.004804689178509687,PENOLES + FIBRAMQ (control)
0.725,0.01102512116710656,0.00875149439408021,0.0022736267730263503,0.0251951420025723,0.020340991956385973,0.004854150046186327,PENOLES + FIBRAMQ (control)
0.73,0.011229761351654297,0.0088849406759138,0.0023448206757404975,0.025472327784332536,0.0205682572754207,0.004904070508911836,PENOLES + FIBRAMQ (control)
0.735,0.011495029172663302,0.009041776723616293,0.002453252449047009,0.02568420298813102,0.02074178803822634,0.004942414949904682,PENOLES + FIBRAMQ (control)
0.74,0.011787026067806947,0.009142293583989191,0.0026447324838177553,0.025971845977085066,0.0209795542937729,0.004992291683312167,PENOLES + FIBRAMQ (control)
0.745,0.012001973533625657,0.009230880983487361,0.0027710925501382953,0.026265163173887114,0.021225783703870016,0.005039379470017098,PENOLES + FIBRAMQ (control)
0.75,0.012172327390102294,0.00943268278609434,0.002739644604007954,0.026566563623348,0.021478259005604003,0.005088304617743997,PENOLES + FIBRAMQ (control)
0.755,0.012701293486690551,0.009645805316028327,0.0030554881706622242,0.02687362292661221,0.021738006621929915,0.005135616304682296,PENOLES + FIBRAMQ (control)
0.76,0.012972728671627742,0.009855596438196362,0.00311713223343138,0.027106150989720593,0.021937235190291254,0.005168915799429338,PENOLES + FIBRAMQ (control)
0.765,0.013157063938761211,0.010130742137465449,0.0030263218012957626,0.027423275375360878,0.02220764694926605,0.0052156284260948295,PENOLES + FIBRAMQ (control)
0.77,0.013404670710540204,0.010370754757619517,0.0030339159529206867,0.02774980308101449,0.022484673346382763,0.005265129734631727,PENOLES + FIBRAMQ (control)
0.775,0.013577761660096924,0.010718275252207352,0.0028594864078895724,0.02808706382950301,0.02276655643086314,0.00532050739863987,PENOLES + FIBRAMQ (control)
0.78,0.013807340041716203,0.011014015435014537,0.002793324606701666,0.028347356853030255,0.022981293320789197,0.0053660635322410576,PENOLES + FIBRAMQ (control)
0.785,0.014201667954953177,0.011296204978015685,0.002905462976937492,0.028702462011205628,0.023274712978656322,0.005427749032549306,PENOLES + FIBRAMQ (control)
0.79,0.014387916161847309,0.011628215347050802,0.0027597008147965067,0.0290672342907229,0.023573042529913428,0.005494191760809473,PENOLES + FIBRAMQ (control)
0.795,0.014812882688252935,0.012003831567101862,0.0028090511211510735,0.029441199067865936,0.02387713825931272,0.005564060808553217,PENOLES + FIBRAMQ (control)
0.8,0.015408710073536485,0.012249769500630229,0.003158940572906256,0.029727196812881343,0.024110665977950446,0.005616530834930897,PENOLES + FIBRAMQ (control)
0.805,0.015736624486661084,0.0125347925231814,0.0032018319634796837,0.03011205133239977,0.024429544046163917,0.005682507286235854,PENOLES + FIBRAMQ (control)
0.81,0.016149231194649907,0.012783875241804821,0.0033653559528450862,0.030508100620391613,0.024759352205452497,0.005748748414939116,PENOLES + FIBRAMQ (control)
0.815,0.01668513116901207,0.0130521541701164,0.0036329769988956706,0.030910195995487805,0.02509939929283153,0.0058107967026562735,PENOLES + FIBRAMQ (control)
0.82,0.017292617778584207,0.013408029759177374,0.0038845880194068334,0.031218657192476854,0.025359965003979607,0.005858692188497248,PENOLES + FIBRAMQ (control)
0.825,0.01765824151936661,0.013739821784171801,0.003918419735194809,0.031634642233664474,0.025719226104030303,0.005915416129634171,PENOLES + FIBRAMQ (control)
0.83,0.017976509663675908,0.014159106556758986,0.003817403106916922,0.03206647845071649,0.02608658983365436,0.005979888617062126,PENOLES + FIBRAMQ (control)
0.835,0.01825803650459212,0.014336072895311427,0.003921963609280692,0.03251496055554412,0.026467945059016982,0.006047015496527138,PENOLES + FIBRAMQ (control)
0.84,0.01892214373510436,0.01449945110174428,0.004422692633360082,0.03286157837773734,0.026765980289914722,0.0060955980878226144,PENOLES + FIBRAMQ (control)
0.845,0.019461908890166794,0.015102214573632696,0.004359694316534098,0.03332943325443717,0.027177975219882487,0.006151458034554684,PENOLES + FIBRAMQ (control)
0.85,0.019968764737960654,0.015655767315399645,0.0043129974225610095,0.03381171453783327,0.027595020131182486,0.006216694406650784,PENOLES + FIBRAMQ (control)
0.855,0.02022918135345429,0.015786136247852738,0.0044430451056015514,0.03431422200009149,0.028031500110719983,0.006282721889371505,PENOLES + FIBRAMQ (control)
0.86,0.020552144229578184,0.016336243507522906,0.004215900722055278,0.03470728371094242,0.02836537707138654,0.006341906639555882,PENOLES + FIBRAMQ (control)
0.865,0.020977507106937632,0.01677507867516657,0.004202428431771061,0.03525712457785991,0.028831016356339355,0.006426108221520552,PENOLES + FIBRAMQ (control)
0.87,0.02153082860037599,0.016834282572648226,0.004696546027727764,0.03582972382529011,0.029321610799701636,0.006508113025588472,PENOLES + FIBRAMQ (control)
0.875,0.022130294354385543,0.017232922629800404,0.0048973717245851395,0.03642416400336799,0.02984677950915734,0.006577384494210647,PENOLES + FIBRAMQ (control)
0.88,0.02269209933594971,0.017774843936845766,0.004917255399103943,0.03688432225818112,0.030254121703325015,0.006630200554856105,PENOLES + FIBRAMQ (control)
0.885,0.023486509818824105,0.01844906503754538,0.005037444781278724,0.03752148467359199,0.030812087475326207,0.006709397198265781,PENOLES + FIBRAMQ (control)
0.89,0.0237885144772653,0.019068385088389893,0.0047201293888754076,0.03818896110557061,0.03138971109275969,0.006799250012810919,PENOLES + FIBRAMQ (control)
0.895,0.024561100961764205,0.019359364908507367,0.005201736053256838,0.03889755413137234,0.032004951161800216,0.006892602969572122,PENOLES + FIBRAMQ (control)
0.9,0.024866023399152726,0.01988156624505208,0.004984457154100647,0.0394560604964116,0.03249109895806074,0.006964961538350863,PENOLES + FIBRAMQ (control)
0.905,0.02547902650126673,0.020215636294315564,0.005263390206951168,0.040252770836989166,0.03318381034328894,0.007068960493700226,PENOLES + FIBRAMQ (control)
0.91,0.026049060848762646,0.020622314008279737,0.005426746840482909,0.041106380007570484,0.0339346128313184,0.007171767176252085,PENOLES + FIBRAMQ (control)
0.915,0.02675333392675155,0.02108415244639723,0.005669181480354321,0.04201908417730701,0.034749024114615064,0.007270060062691944,PENOLES + FIBRAMQ (control)
0.92,0.027495001671557183,0.022133608836126945,0.005361392835430238,0.04275596390728019,0.03540092070679181,0.0073550432004883814,PENOLES + FIBRAMQ (control)
0.925,0.028177527336042,0.023085143113150207,0.005092384222891794,0.043814715452768584,0.03629340677257939,0.007521308680189194,PENOLES + FIBRAMQ (control)
0.93,0.029217600715916205,0.024088389691717466,0.005129211024198738,0.04495949507765774,0.03725738561131252,0.007702109466345225,PENOLES + FIBRAMQ (control)
0.935,0.031014497341542126,0.025102935546813376,0.005911561794728751,0.046147589135524,0.03828747815053113,0.007860110984992869,PENOLES + FIBRAMQ (control)
0.94,0.03273291489347788,0.025628995216285325,0.007103919677192552,0.04707493569286738,0.03912274080904424,0.007952194883823142,PENOLES + FIBRAMQ (control)
0.945,0.033534229189508734,0.026453579571840972,0.007080649617667762,0.048400661338896,0.04037526181378537,0.008025399525110631,PENOLES + FIBRAMQ (control)
0.95,0.0347525913766588,0.027317939149310296,0.0074346522273485045,0.049885975853883574,0.041792551160653564,0.00809342469323001,PENOLES + FIBRAMQ (control)
0.955,0.03571776599135261,0.02880799375544533,0.006909772235907281,0.051609314242185345,0.04337531403187113,0.008234000210314216,PENOLES + FIBRAMQ (control)
0.96,0.037649324998847274,0.030175039674541708,0.007474285324305566,0.05303598684804126,0.04472153627153811,0.008314450576503152,PENOLES + FIBRAMQ (control)
0.965,0.03903881006953802,0.031132992426858165,0.007905817642679856,0.0552400147936393,0.04682042456502943,0.008419590228609865,PENOLES + FIBRAMQ (control)
0.97,0.04058672963723821,0.034588197289207916,0.005998532348030293,0.05794592151076236,0.04923442669484435,0.008711494815918007,PENOLES + FIBRAMQ (control)
0.975,0.043606306321804886,0.036800035323001606,0.006806270998803279,0.0611787476454545,0.052020264457905155,0.009158483187549346,PENOLES + FIBRAMQ (control)
0.98,0.0472402399703185,0.03883322457025765,0.00840701540006085,0.06417350126639829,0.05465754660787346,0.009515954658524825,PENOLES + FIBRAMQ (control)
0.985,0.05170167952642024,0.04394192951966756,0.0077597500067526845,0.06909303961257904,0.05971412573403894,0.009378913878540097,PENOLES + FIBRAMQ (control)
0.99,0.054652064833871986,0.05141338393841115,0.003238680895460838,0.07724350735252378,0.06644931286065645,0.010794194491867332,PENOLES + FIBRAMQ (control)
0.995,0.06680433008794842,0.06263975143677,0.004164578651178419,0.09527366380966674,0.07553739436758,0.019736269442086743,PENOLES + FIBRAMQ (control)
0.5,0.0,-1.0367073178946251e-05,1.0367073178946251e-05,0.019326641689323985,0.016681246072944838,0.0026453956163791474,GMEXICO + PENOLES (mineras)
0.505,0.0002527448156549049,0.00011479489685478801,0.00013794991880011688,0.019532997424453063,0.016860169000693565,0.0026728284237594983,GMEXICO + PENOLES (mineras)
0.51,0.00048820238807336514,0.00029840601723483425,0.0001897963708385309,0.01974124075365466,0.017040653616351827,0.002700587137302833,GMEXICO + PENOLES (mineras)
0.515,0.0006477124378440752,0.000518556816776974,0.00012915562106710122,0.019898720043881834,0.01717710418359988,0.0027216158602819535,GMEXICO + PENOLES (mineras)
0.52,0.0009200466437946143,0.0008090769821531924,0.00011096966164142192,0.02011097493167456,0.017360203325335322,0.0027507716063392383,GMEXICO + PENOLES (mineras)
0.525,0.0011526962824024989,0.000953493240000337,0.00019920304240216187,0.02032487173196696,0.017544804785503434,0.002780066946463527,GMEXICO + PENOLES (mineras)
0.53,0.0015782443763666131,0.0011817403201373228,0.0003965040562292903,0.02053910682929709,0.017731652894920916,0.002807453934376175,GMEXICO + PENOLES (mineras)
0.535,0.0018124324549155593,0.001308323049717315,0.0005041094051982443,0.02070047186303081,0.017872923588450072,0.0028275482745807393,GMEXICO + PENOLES (mineras)
0.54,0.002039729325253892,0.001494516495091879,0.0005452128301620131,0.02091767629283884,0.01806354614779778,0.002854130145041059,GMEXICO + PENOLES (mineras)
0.545,0.0023803811383715347,0.001745047704020924,0.0006353334343506107,0.021136026858935713,0.01825605915141977,0.0028799677075159423,GMEXICO + PENOLES (mineras)
0.55,0.0025937117938849455,0.0019968924095480982,0.0005968193843368472,0.021380232737805545,0.018449917843060253,0.0029303148947452916,GMEXICO + PENOLES (mineras)
0.555,0.002952757710657853,0.0021627666910627556,0.0007899910195950976,0.021522997242965993,0.018596927590264937,0.0029260696527010563,GMEXICO + PENOLES (mineras)
0.56,0.0031936824205153628,0.002387264916265183,0.0008064175042501796,0.021746258190374256,0.01879433193598129,0.0029519262543929656,GMEXICO + PENOLES (mineras)
0.565,0.0033081011379386977,0.0025468859207968607,0.000761215217141837,0.021972548521443598,0.018994092352242593,0.0029784561692010048,GMEXICO + PENOLES (mineras)
0.57,0.0036285416369616647,0.002729461949323615,0.0008990796876380499,0.022201484696206045,0.01919640467058436,0.0030050800256216856,GMEXICO + PENOLES (mineras)
0.575,0.0038336562189728906,0.003057063535865429,0.0007765926831074616,0.022374861522038436,0.01934900406663264,0.0030258574554057963,GMEXICO + PENOLES (mineras)
0.58,0.00413464693564392,0.003317571309402773,0.0008170756262411466,0.02260809521045441,0.019553144228632018,0.0030549509818223915,GMEXICO + PENOLES (mineras)
0.585,0.004297849522658294,0.0036821387458978168,0.0006157107767604769,0.022843853467373196,0.01975867593626514,0.003085177531108055,GMEXICO + PENOLES (mineras)
0.59,0.0046531013035167115,0.003889475833682084,0.0007636254698346273,0.023081571545216537,0.019966311264683824,0.0031152602805327133,GMEXICO + PENOLES (mineras)
0.595,0.00495893643142091,0.004131818849509392,0.0008271175819115177,0.023262084299198824,0.020123070932949943,0.0031390133662488814,GMEXICO + PENOLES (mineras)
0.6,0.0051754741439236085,0.004464982866808961,0.0007104912771146478,0.023503408917393893,0.020333557979145232,0.003169850938248661,GMEXICO + PENOLES (mineras)
0.605,0.005487585418247693,0.0046297742391736224,0.0008578111790740707,0.023748002861580755,0.020546014417521356,0.0032019884440593997,GMEXICO + PENOLES (mineras)
0.61,0.0059841518716868426,0.004739732347485712,0.0012444195242011305,0.023993392652690418,0.020762658623237083,0.0032307340294533346,GMEXICO + PENOLES (mineras)
0.615,0.0061979963982739614,0.004898322279283574,0.0012996741189903877,0.024178205557064524,0.020927523986853054,0.00325068157021147,GMEXICO + PENOLES (mineras)
0.62,0.006481268931655968,0.005327159794070373,0.0011541091375855943,0.024428010742483044,0.021148767658102887,0.0032792430843801568,GMEXICO + PENOLES (mineras)
0.625,0.006680578268056056,0.0056093932357677845,0.0010711850322882716,0.0246814474940621,0.02137156639489931,0.0033098810991627897,GMEXICO + PENOLES (mineras)
0.63,0.006939756705084654,0.005737115135063815,0.0012026415700208386,0.02493806411138684,0.02159751232734722,0.0033405517840396186,GMEXICO + PENOLES (mineras)
0.635,0.007264589574770629,0.005967867237842543,0.0012967223369280854,0.02513281438967604,0.02176890235163816,0.003363912038037882,GMEXICO + PENOLES (mineras)
0.64,0.007495693180430897,0.006380663602656431,0.0011150295777744663,0.025395346178201786,0.02199882788368112,0.003396518294520666,GMEXICO + PENOLES (mineras)
0.645,0.00794708652840762,0.006508301725316147,0.0014387848030914738,0.025660732419120074,0.022231935644211692,0.003428796774908382,GMEXICO + PENOLES (mineras)
0.65,0.008171770088461237,0.006639539657144238,0.0015322304313169985,0.025928214231970045,0.022470262616680003,0.003457951615290042,GMEXICO + PENOLES (mineras)
0.655,0.008290223353268858,0.0069656991054122715,0.0013245242478565865,0.026132555157372547,0.022650680858887322,0.0034818742984852255,GMEXICO + PENOLES (mineras)
0.66,0.008580030547108992,0.0070702503837621255,0.001509780163346867,0.026409033760222266,0.022895216645381664,0.0035138171148406012,GMEXICO + PENOLES (mineras)
0.665,0.008983961862397288,0.007179283301953251,0.0018046785604440363,0.026689137370834795,0.02314553110983749,0.003543606260997305,GMEXICO + PENOLES (mineras)
0.67,0.009289934758389762,0.007451912321959726,0.0018380224364300361,0.02697240224960841,0.02340105399124936,0.0035713482583590514,GMEXICO + PENOLES (mineras)
0.675,0.009532347154463631,0.007639548755511401,0.00189279839895223,0.027186770152927406,0.02359520471677097,0.0035915654361564353,GMEXICO + PENOLES (mineras)
0.68,0.009904275241416072,0.007822797946657927,0.002081477294758145,0.027478027841465465,0.023858340566439304,0.0036196872750261615,GMEXICO + PENOLES (mineras)
0.685,0.010362877334844242,0.008104759406396402,0.00225811792844784,0.027770953137203173,0.024126163413098204,0.0036447897241049694,GMEXICO + PENOLES (mineras)
0.69,0.01093263828496802,0.008695028492549524,0.002237609792418495,0.02806404108254085,0.024395450420726297,0.003668590661814554,GMEXICO + PENOLES (mineras)
0.695,0.011253713891441478,0.008997705418809124,0.0022560084726323537,0.028285067275897552,0.02459821895006218,0.003686848325835372,GMEXICO + PENOLES (mineras)
0.7,0.011527649869867308,0.009472723063397524,0.0020549268064697836,0.028584759348647192,0.024872734965056393,0.0037120243835907993,GMEXICO + PENOLES (mineras)
0.705,0.011886293514995979,0.00994811386386673,0.0019381796511292494,0.028889372180132558,0.02514538006239494,0.00374399211773762,GMEXICO + PENOLES (mineras)
0.71,0.012214468012525646,0.010093305443538977,0.0021211625689866696,0.029197526033779286,0.025423147785087037,0.003774378248692249,GMEXICO + PENOLES (mineras)
0.715,0.012452091853957653,0.010323136199219216,0.002128955654738437,0.02943278354275169,0.025635097877352367,0.0037976856653993245,GMEXICO + PENOLES (mineras)
0.72,0.012885589251350502,0.01046983926703871,0.002415749984311792,0.029750128349925603,0.02592432540780925,0.0038258029421163534,GMEXICO + PENOLES (mineras)
0.725,0.01320731126153776,0.010971143240946685,0.002236168020591074,0.03007267106903734,0.026218651863083718,0.0038540192059536224,GMEXICO + PENOLES (mineras)
0.73,0.013476943922551166,0.01174932954167666,0.0017276143808745061,0.030402605989851055,0.026510762501041684,0.0038918434888093704,GMEXICO + PENOLES (mineras)
0.735,0.01372122335044957,0.01195321410245204,0.0017680092479975297,0.03065489066634991,0.026730924702607864,0.003923965963742046,GMEXICO + PENOLES (mineras)
0.74,0.013965230916812591,0.012292433551324236,0.001672797365488355,0.030998775993763182,0.027029940522690154,0.003968835471073028,GMEXICO + PENOLES (mineras)
0.745,0.014250761120577854,0.012548380193446916,0.0017023809271309379,0.03135060132900741,0.027335138218268624,0.0040154631107387866,GMEXICO + PENOLES (mineras)
0.75,0.014655955775815258,0.012791753941127179,0.0018642018346880784,0.031709136474916265,0.027646736223289226,0.004062400251627039,GMEXICO + PENOLES (mineras)
0.755,0.015132270693884597,0.013242325315503477,0.0018899453783811204,0.03207493609701293,0.0279631153337458,0.004111820763267132,GMEXICO + PENOLES (mineras)
0.76,0.015268829554763023,0.01350731622327594,0.0017615133314870836,0.03235442060490297,0.028205637770295448,0.004148782834607522,GMEXICO + PENOLES (mineras)
0.765,0.015585148673603864,0.013808972776497643,0.0017761758971062205,0.03273735865705237,0.028534167136221117,0.004203191520831255,GMEXICO + PENOLES (mineras)
0.77,0.01631067726928018,0.014209627104080726,0.002101050165199455,0.0331240502732074,0.02886975640662726,0.004254293866580144,GMEXICO + PENOLES (mineras)
0.775,0.016700762760656643,0.014731420273256331,0.0019693424874003117,0.03351852967683409,0.029210103742720497,0.00430842593411359,GMEXICO + PENOLES (mineras)
0.78,0.01703191623311559,0.01491989996385966,0.0021120162692559296,0.03381842616267352,0.029470529380041754,0.004347896782631765,GMEXICO + PENOLES (mineras)
0.785,0.017497542499330693,0.01519711280465865,0.0023004296946720435,0.034228269205326275,0.029827084740877655,0.004401184464448621,GMEXICO + PENOLES (mineras)
0.79,0.017793810928353748,0.015441371483571732,0.0023524394447820163,0.03464762418145194,0.0301938760053262,0.004453748176125739,GMEXICO + PENOLES (mineras)
0.795,0.01815921175293218,0.015650331216526016,0.002508880536406164,0.035079501658662075,0.03057360776329255,0.0045058938953695254,GMEXICO + PENOLES (mineras)
0.8,0.018778350263900248,0.016025237508971397,0.0027531127549288506,0.03541068866627842,0.030868281005934268,0.004542407660344149,GMEXICO + PENOLES (mineras)
0.805,0.01916172467675719,0.016312760474527295,0.002848964202229895,0.03585808843000718,0.03126728711324317,0.004590801316764009,GMEXICO + PENOLES (mineras)
0.81,0.01951001620393148,0.016721869040948953,0.002788147162982528,0.03632007137665977,0.03167922245803025,0.004640848918629516,GMEXICO + PENOLES (mineras)
0.815,0.02012240014962486,0.017162436154553408,0.002959963995071452,0.036793232252171224,0.032102226263516505,0.004691005988654719,GMEXICO + PENOLES (mineras)
0.82,0.020509879184359592,0.017671836894644015,0.002838042289715577,0.037159079918642215,0.03242663449825897,0.004732445420383244,GMEXICO + PENOLES (mineras)
0.825,0.020972983109064976,0.018022199720205478,0.0029507833888594986,0.03765639999375933,0.032872012721786414,0.0047843872719729175,GMEXICO + PENOLES (mineras)
0.83,0.021478478515411924,0.0185544332767722,0.0029240452386397227,0.038170054356266886,0.033326258096725285,0.004843796259541601,GMEXICO + PENOLES (mineras)
0.835,0.021958333012943754,0.01969086963209517,0.0022674633808485826,0.03869846016126382,0.0337888864333379,0.004909573727925921,GMEXICO + PENOLES (mineras)
0.84,0.022641311560909073,0.020008362837151943,0.00263294872375713,0.03910620235393042,0.03413521192733565,0.004970990426594768,GMEXICO + PENOLES (mineras)
0.845,0.023170911657818538,0.020594489266889206,0.0025764223909293324,0.03966174184012436,0.034606036827114564,0.005055705013009795,GMEXICO + PENOLES (mineras)
0.85,0.02375278714410455,0.020997435172657168,0.0027553519714473805,0.04023546331819593,0.03509711991307748,0.005138343405118449,GMEXICO + PENOLES (mineras)
0.855,0.0241560938089312,0.02160574279912207,0.0025503510098091285,0.04083209457186196,0.03560507889092151,0.005227015680940451,GMEXICO + PENOLES (mineras)
0.86,0.024661099255190465,0.022127365266300474,0.0025337339888899905,0.04129505798401603,0.03599749492222741,0.005297563061788621,GMEXICO + PENOLES (mineras)
0.865,0.025142090790626133,0.02271393223025498,0.002428158560371152,0.04194198191788928,0.0365286577879432,0.005413324129946079,GMEXICO + PENOLES (mineras)
0.87,0.025668857954230392,0.023217687794490325,0.0024511701597400674,0.04261814258839199,0.037078443380471504,0.0055396992079204885,GMEXICO + PENOLES (mineras)
0.875,0.02618423466646142,0.023412305971142168,0.0027719286953192535,0.04332783376756051,0.03766392641093992,0.00566390735662059,GMEXICO + PENOLES (mineras)
0.88,0.027345287834634916,0.0238442717265257,0.003501016108109215,0.043875465603915885,0.038131169980159065,0.0057442956237568205,GMEXICO + PENOLES (mineras)
0.885,0.02815650918370162,0.024153592018038208,0.004002917165663412,0.04461766149718514,0.038782912205032494,0.0058347492921526495,GMEXICO + PENOLES (mineras)
0.89,0.02847592844705337,0.024996367659274852,0.003479560787778519,0.04540150249179732,0.039465887981844305,0.005935614509953016,GMEXICO + PENOLES (mineras)
0.895,0.029192873151869685,0.025388202139813642,0.0038046710120560427,0.04623929512857686,0.04018767650803879,0.006051618620538067,GMEXICO + PENOLES (mineras)
0.9,0.029650686136254198,0.025958614136161504,0.0036920720000926943,0.04690127081914828,0.040758099493147994,0.006143171326000285,GMEXICO + PENOLES (mineras)
0.905,0.03054106203094818,0.02665586748298887,0.003885194547959308,0.04783943951781365,0.04156847151941924,0.006270967998394411,GMEXICO + PENOLES (mineras)
0.91,0.03126453810315432,0.027207200348173494,0.0040573377549808255,0.048838550603774594,0.042433886336528004,0.00640466426724659,GMEXICO + PENOLES (mineras)
0.915,0.032377401010732165,0.02778487246769695,0.004592528543035216,0.049897081589133155,0.043360909956118424,0.006536171633014731,GMEXICO + PENOLES (mineras)
0.92,0.03314057782314058,0.028172238080276562,0.004968339742864019,0.050738327996203175,0.044112566881539375,0.0066257611146638,GMEXICO + PENOLES (mineras)
0.925,0.03405579984874971,0.02933268386045848,0.004723115988291227,0.05195666080837327,0.04520780937612058,0.006748851432252692,GMEXICO + PENOLES (mineras)
0.93,0.03494881895992617,0.03040948528519227,0.004539333674733904,0.05327836636417692,0.04636244154558287,0.0069159248185940506,GMEXICO + PENOLES (mineras)
0.935,0.03666710116227214,0.03099790725079244,0.0056691939114797,0.05467734137306389,0.04763322110715433,0.007044120265909559,GMEXICO + PENOLES (mineras)
0.94,0.03933455264702419,0.032422704262838296,0.006911848384185897,0.05575315606610689,0.04869545373241399,0.007057702333692899,GMEXICO + PENOLES (mineras)
0.945,0.04000649513970073,0.033863249412639865,0.006143245727060868,0.05728609889133003,0.050158504239034105,0.007127594652295927,GMEXICO + PENOLES (mineras)
0.95,0.04127954387673741,0.03406345631001384,0.007216087566723567,0.059022688723879876,0.05186454756639311,0.0071581411574867665,GMEXICO + PENOLES (mineras)
0.955,0.04207812277644986,0.034929932921873574,0.007148189854576284,0.061061191721037286,0.05392265538344582,0.0071385363375914695,GMEXICO + PENOLES (mineras)
0.96,0.044352120681742324,0.03813065866594504,0.006221462015797284,0.0627822044877751,0.05560456521929909,0.007177639268476019,GMEXICO + PENOLES (mineras)
0.965,0.046851310010753225,0.04001309789366539,0.006838212117087836,0.06536371984870029,0.05811507439768255,0.007248645451017742,GMEXICO + PENOLES (mineras)
0.97,0.04845633837932066,0.04177507390594247,0.00668126447337819,0.0684559604991706,0.0611037414559149,0.007352219043255705,GMEXICO + PENOLES (mineras)
0.975,0.05214118749432811,0.04401762214752454,0.008123565346803571,0.07219859771674769,0.06485188767520428,0.007346710041543414,GMEXICO + PENOLES (mineras)
0.98,0.05568803922408799,0.04861792830037825,0.007070110923709745,0.0756835947923866,0.0685935172937556,0.007090077498630998,GMEXICO + PENOLES (mineras)
0.985,0.05954243728280051,0.057461732413599725,0.0020807048692007835,0.08172724603066805,0.07450566863038144,0.007221577400286616,GMEXICO + PENOLES (mineras)
0.99,0.0641316842555998,0.060238689773351256,0.0038929944822485435,0.09187066924660538,0.08226719200758469,0.009603477239020691,GMEXICO + PENOLES (mineras)
0.995,0.0798089423395196,0.07333792213904261,0.00647102020047699,0.11426890584007657,0.09740976722357253,0.016859138616504038,GMEXICO + PENOLES (mineras)
